2008/1/2,62,62,60.2,60.5,38971,59.4
2008/1/3,59.9,60,59.4,59.4,34838,60
2008/1/4,59.3,60.4,58.5,60,48401,55.8
2008/1/7,57,58,55.8,55.8,103230,56
2008/1/8,55.8,56.6,55.5,56,47333,57
2008/1/9,55,57,54.5,57,45113,55.7
2008/1/10,57,57.4,55.3,55.7,61535,55
2008/1/11,56.1,56.1,54.7,55,72676,54.9
2008/1/14,56.5,56.8,54.7,54.9,77263,57.5
2008/1/15,55.4,57.9,55.2,57.5,97601,55.4
2008/1/16,55.6,56.2,54.9,55.4,78669,54.7
2008/1/17,55.6,56.4,54.5,54.7,51230,54.6
2008/1/18,54,54.9,53.3,54.6,65496,53.3
2008/1/21,54.6,54.7,53.3,53.3,42792,49.6
2008/1/22,49.6,51.1,49.6,49.6,87259,51
2008/1/23,51,51.4,50.4,51,78327,53.7
2008/1/24,54.5,54.5,53.1,53.7,71477,55.5
2008/1/25,55,56,55,55.5,50414,54.2
2008/1/28,55.4,55.4,54,54.2,39643,57
2008/1/29,55.9,57,55.6,57,58213,57.8
2008/1/30,57.5,58.3,57,57.8,110697,59.9
2008/1/31,57.5,59.9,57.3,59.9,171328,61.4
2008/2/1,61,62.2,60.4,61.4,134708,60
2008/2/12,59.7,60.3,59.7,60,103197,59.9
2008/2/13,61,61,59.9,59.9,52232,62
2008/2/14,60.2,62,60.2,62,73145,61.5
2008/2/15,61,61.7,60.9,61.5,30297,60
2008/2/18,61.5,61.8,59.7,60,52091,61.5
2008/2/19,60.8,61.5,60,61.5,20133,61.1
2008/2/20,61.4,61.4,59.7,61.1,41016,61.9
2008/2/21,61.5,62.1,61.1,61.9,40472,60.9
2008/2/22,60.9,61,60.1,60.9,37270,61.2
2008/2/25,61,61.5,60.6,61.2,40050,62.4
2008/2/26,61.8,62.5,61.5,62.4,59664,63.6
2008/2/27,62.8,63.6,62.7,63.6,93695,61.6
2008/2/29,62.6,63.5,61.6,61.6,63516,60.7
2008/3/3,60.1,60.7,60,60.7,47078,62.9
2008/3/4,60.1,63,60.1,62.9,73566,63.3
2008/3/5,63.5,63.5,62.5,63.3,70208,64.9
2008/3/6,63.5,64.9,63.5,64.9,64665,64
2008/3/7,63.6,64.5,63.3,64,53050,61.2
2008/3/10,62.9,62.9,61,61.2,59861,62.4
2008/3/11,60.6,62.4,60.6,62.4,43343,63.8
2008/3/12,64,64.2,63.1,63.8,46949,62
2008/3/13,62.7,63.5,61.5,62,42307,61.1
2008/3/14,62.5,62.6,60.6,61.1,45820,59.9
2008/3/17,60,60.3,59.5,59.9,90229,59.9
2008/3/18,59.9,60.6,59.5,59.9,47527,62.1
2008/3/19,61.5,62.1,60.8,62.1,43275,62.6
2008/3/20,61.7,62.9,61,62.6,54424,64.8
2008/3/21,63.6,64.9,63.6,64.8,102434,67.4
2008/3/24,69.3,69.3,67.3,67.4,130572,67.2
2008/3/25,67.4,67.4,66.4,67.2,88062,67
2008/3/26,65.8,67,65.5,67,54421,63.8
2008/3/27,65,65.09,63.6,63.8,54821,62.3
2008/3/28,62.2,63.3,62,62.3,109946,63.1
2008/3/31,61.7,63.1,61.1,63.1,74469,61.8
2008/4/1,62.5,63.5,61.8,61.8,49055,64
2008/4/2,63.5,65,63.1,64,63876,64.4
2008/4/3,64,64.9,63.9,64.4,28588,65
2008/4/7,64.3,65.09,64.2,65,45908,64.4
2008/4/8,64.59,65,63.6,64.4,42270,63.1
2008/4/9,63,64.5,62.8,63.1,42860,64.5
2008/4/10,63.2,65.3,63.1,64.5,47626,64.09
2008/4/11,64.3,64.59,63.5,64.09,37042,63
2008/4/14,63.3,63.6,63,63,36204,63
2008/4/15,63,63.8,62.8,63,38175,65.2
2008/4/16,64,65.2,63.7,65.2,46624,67.09
2008/4/17,67.09,67.5,66.59,67.09,101937,66.8
2008/4/18,66.8,66.8,66,66.8,33795,67.4
2008/4/21,66.8,67.5,66.8,67.4,39126,67.3
2008/4/22,67.3,67.3,66.59,67.3,38313,64.59
2008/4/23,66,66,64.59,64.59,71085,63.9
2008/4/24,64.4,64.5,63.5,63.9,63782,64.7
2008/4/25,64,64.9,64,64.7,47934,66.5
2008/4/28,64,66.5,63.5,66.5,75601,64.7
2008/4/29,66.5,67,64.7,64.7,54316,66.7
2008/4/30,65.2,67.2,65.2,66.7,78540,68
2008/5/2,68,68.2,67.59,68,91956,67.2
2008/5/5,68,68.09,66.3,67.2,44635,68
2008/5/6,67.4,68,66.8,68,33327,68.2
2008/5/7,68.7,69,68.09,68.2,52641,67.5
2008/5/8,68,68,66,67.5,47242,66.3
2008/5/9,67.5,67.7,66.09,66.3,43012,67.59
2008/5/12,66.8,67.8,66.09,67.59,27854,68.9
2008/5/13,68.3,68.9,67.59,68.9,64228,68.59
2008/5/14,69,69.2,68.09,68.59,66677,68.59
2008/5/15,68.8,68.9,67.9,68.59,83929,69.2
2008/5/16,68.59,69.3,68.59,69.2,96718,69.4
2008/5/19,69.2,69.8,69.2,69.4,81981,68.2
2008/5/20,69.2,69.5,67.4,68.2,76014,67.3
2008/5/21,67.8,67.9,67,67.3,42667,66.9
2008/5/22,66.2,66.9,65.9,66.9,44428,65.5
2008/5/23,66,66.59,65.5,65.5,60286,65.5
2008/5/26,64.8,65.8,64.5,65.5,48696,65.8
2008/5/27,66.5,66.5,65.2,65.8,32660,67
2008/5/28,66.8,67.5,66.59,67,108787,67.09
2008/5/29,68,68.09,67.09,67.09,102478,65.59
2008/5/30,67.9,68,65.59,65.59,179172,67.59
2008/6/2,66.5,67.59,66.3,67.59,52392,66.09
2008/6/3,67.4,67.59,66.09,66.09,61837,67.09
2008/6/4,66.2,67.3,66.2,67.09,34519,67.8
2008/6/5,67.4,67.8,66.5,67.8,80970,68.4
2008/6/6,68.7,68.9,68.4,68.4,83396,65.3
2008/6/9,67,67,65.09,65.3,106078,63.9
2008/6/10,65,65.2,63.9,63.9,88407,65.9
2008/6/11,64.5,65.9,64.2,65.9,46578,64.8
2008/6/12,64.5,65.4,64,64.8,74064,64.8
2008/6/13,65.2,65.4,64.8,64.8,51762,65.9
2008/6/16,65.8,66,65.3,65.9,35292,65.2
2008/6/17,65,65.4,64.8,65.2,43824,65.5
2008/6/18,64.9,65.9,64.59,65.5,34616,64.3
2008/6/19,64.3,65,63.5,64.3,65982,63.7
2008/6/20,64.5,64.9,63.2,63.7,66852,64.09
2008/6/23,63.2,64.59,62.6,64.09,49182,64.2
2008/6/24,65,65.09,64.2,64.2,60307,66.2
2008/6/25,64.5,66.5,64.3,66.2,92105,65
2008/6/26,66.7,66.7,64.59,65,53036,64
2008/6/27,63.1,65,62.7,64,175632,65
2008/6/30,63.9,65.09,63.5,65,87645,64.2
2008/7/1,64,65.09,64,64.2,31904,61.8
2008/7/2,64,64.2,61.8,61.8,79507,58.8
2008/7/3,59.5,60.4,57.5,58.8,116528,59
2008/7/4,59.3,59.9,58.4,59,55747,60.1
2008/7/7,59.7,60.5,58.8,60.1,40724,58.9
2008/7/8,59.9,59.9,58.3,58.9,65009,59.5
2008/7/9,59.5,60.7,59.1,59.5,54397,59.5
2008/7/10,58.9,60.3,58.7,59.5,42157,62.4
2008/7/11,60.5,63,59.8,62.4,59911,60.6
2008/7/14,61.1,61.9,60.1,60.6,40632,57.6
2008/7/15,59.3,59.5,57.6,57.6,63641,53.8
2008/7/16,54.6,54.6,53.2,53.8,86596,57.5
2008/7/17,55.9,57.5,55.9,57.5,68547,58
2008/7/18,59,59.4,57,58,68762,59.8
2008/7/21,59.4,60.4,59.4,59.8,55506,57.9
2008/7/22,59.3,59.3,57.2,57.9,64694,57.6
2008/7/23,58.5,58.5,57.1,57.6,72128,58.9
2008/7/24,58.2,58.9,58.1,58.9,40281,57.8
2008/7/25,58.2,58.2,57.2,57.8,35148,55
2008/7/29,56,56,54.3,55,73333,57
2008/7/30,56.8,57,56,57,50789,56.2
2008/7/31,57,57.1,55.7,56.2,50775,56
2008/8/1,55,56.6,55,56,37132,55.7
2008/8/4,55.6,56,55.1,55.7,23272,55.4
2008/8/5,56.2,56.2,55,55.4,60100,58.8
2008/8/6,57.4,59,57.2,58.8,82098,59.5
2008/8/7,59.1,59.8,58.6,59.5,45111,60.5
2008/8/8,59.5,60.6,59.5,60.5,76885,60.6
2008/8/11,61.5,61.8,60.5,60.6,48256,61.2
2008/8/12,61.2,61.7,60.9,61.2,63078,61.2
2008/8/13,61.8,62.2,61.1,61.2,56037,60.5
2008/8/14,61,61.1,60,60.5,41108,60.6
2008/8/15,60.9,61.4,60,60.6,50430,60.1
2008/8/18,60.8,61.1,60,60.1,49721,60
2008/8/19,59.2,60.4,58.9,60,50724,60
2008/8/20,59.2,60.7,59.2,60,39487,59.4
2008/8/21,59.3,59.6,59.1,59.4,46398,60.2
2008/8/22,59.9,60.4,59.4,60.2,52249,60.5
2008/8/25,60,61,59.4,60.5,52468,60
2008/8/26,60,60.2,59.4,60,52768,60.4
2008/8/27,59.9,61.1,59.5,60.4,65759,60.1
2008/8/28,59.9,60.5,59.7,60.1,80166,58.9
2008/8/29,59.9,60,58.9,58.9,77837,56.6
2008/9/1,57.6,57.6,56,56.6,118980,54.3
2008/9/2,56,56,54.1,54.3,116606,55
2008/9/3,54.5,55.5,54.2,55,78685,53.4
2008/9/4,53.2,54.7,53,53.4,71636,53
2008/9/5,52.2,53.5,51.8,53,81406,56.7
2008/9/8,55.5,56.7,55.4,56.7,64455,54.3
2008/9/9,55,55.7,54.2,54.3,50434,53.7
2008/9/10,53.6,54.5,53.2,53.7,65933,52.3
2008/9/11,53.6,53.6,51.7,52.3,72553,52.7
2008/9/12,52.8,53.1,52.1,52.7,37082,51.7
2008/9/15,52.8,53.1,51,51.7,41170,51
2008/9/16,50.7,52.3,50.7,51,60628,52.9
2008/9/17,54,54.5,52.8,52.9,85193,52
2008/9/18,51.5,53.6,51.5,52,123484,55.6
2008/9/19,54.6,55.6,54,55.6,129945,55.8
2008/9/22,57.1,57.1,55.6,55.8,60158,55
2008/9/23,54.7,55.9,54.7,55,56418,53.3
2008/9/24,54,54.2,53.3,53.3,39330,53
2008/9/25,52.8,54.3,52.8,53,39418,53.4
2008/9/26,53.1,53.4,52,53.4,71393,52.5
2008/9/30,50,52.5,49.8,52.5,78123,52.5
2008/10/1,54,54,52.5,52.5,43483,51.4
2008/10/2,53.1,53.1,51,51.4,43536,51.4
2008/10/3,50.4,51.8,50.2,51.4,56815,49
2008/10/6,50.2,50.5,49,49,59458,49.7
2008/10/7,48,50.5,47.95,49.7,48800,46.25
2008/10/8,48.5,49.05,46.25,46.25,85974,46.1
2008/10/9,46.25,48.5,46.1,46.1,64298,46.65
2008/10/13,46.15,47.1,45.2,46.65,93457,49.9
2008/10/14,49.9,49.9,49.25,49.9,90993,48.2
2008/10/15,48.5,49,48.2,48.2,67995,46.55
2008/10/16,46.55,46.55,46.55,46.55,16600,44.95
2008/10/17,44.95,45.45,44.95,44.95,52394,44.2
2008/10/20,43.4,44.5,43.4,44.2,74264,44.1
2008/10/21,44.8,45,42.75,44.1,72709,42.6
2008/10/22,42.7,43.7,42.6,42.6,48390,41.15
2008/10/23,41.15,41.15,41.15,41.15,27329,39.75
2008/10/24,39.75,40.04,39.75,39.75,59949,38.29
2008/10/27,37,38.95,37,38.29,64708,39.7
2008/10/28,37.15,40.6,36.5,39.7,84075,42
2008/10/29,42.45,42.45,41.7,42,102042,44.9
2008/10/30,43.25,44.9,43.25,44.9,73018,48
2008/10/31,45.7,48,45.1,48,107753,47
2008/11/3,49.5,49.5,46,47,59248,48
2008/11/4,47.5,48.5,46.7,48,58438,48
2008/11/5,49.2,49.4,47.25,48,74251,44.65
2008/11/6,44.65,44.7,44.65,44.65,39364,43.5
2008/11/7,41.55,44.65,41.55,43.5,98506,43.2
2008/11/10,43.3,43.4,41.9,43.2,63028,43.1
2008/11/11,42.7,44,42,43.1,38829,43.4
2008/11/12,43.1,44.15,42.65,43.4,58259,40.5
2008/11/13,41,41.65,40.5,40.5,56863,41.7
2008/11/14,42,42,41.1,41.7,45593,40.79
2008/11/17,40,41.5,40,40.79,43433,38.5
2008/11/18,39.6,39.79,38.29,38.5,69685,38
2008/11/19,38.1,39.4,38,38,50273,36.79
2008/11/20,36.5,37.4,36.5,36.79,43498,38.5
2008/11/21,36.4,39.29,36.4,38.5,55972,37.29
2008/11/24,38.5,38.5,37.15,37.29,50072,39.9
2008/11/25,39.1,39.9,38.5,39.9,82669,39
2008/11/26,39.9,40.29,39,39,57745,40.9
2008/11/27,40.9,41.25,40.54,40.9,62930,40.79
2008/11/28,40.9,41.15,40.4,40.79,50939,40.79
2008/12/1,39.79,41.9,39.79,40.79,62467,37.95
2008/12/2,37.95,38.4,37.95,37.95,83673,37.15
2008/12/3,36.85,37.54,36.5,37.15,73329,37.04
2008/12/4,37.9,37.9,36.79,37.04,59459,37.2
2008/12/5,37.29,37.85,37,37.2,40730,39.79
2008/12/8,37.85,39.79,37.85,39.79,101120,40.79
2008/12/9,40.75,40.79,39.79,40.79,79061,43.65
2008/12/10,41,43.65,41,43.65,113131,44.9
2008/12/11,44,44.9,43.5,44.9,82000,41.8
2008/12/12,42.85,43.8,41.8,41.8,68510,43.45
2008/12/15,43.5,44.5,43.45,43.45,68165,44.5
2008/12/16,43,44.5,42.4,44.5,58117,46
2008/12/17,46,46.1,45.2,46,86940,45
2008/12/18,45.75,46,44.5,45,49481,44.95
2008/12/19,44,45.35,44,44.95,39475,44.6
2008/12/22,45,45.45,44,44.6,50944,43.85
2008/12/23,43.5,44.45,42.8,43.85,38008,43.4
2008/12/24,43.85,43.85,43,43.4,30751,43.1
2008/12/25,43.4,43.4,42.8,43.1,6112,43.4
2008/12/26,43.1,43.5,42.8,43.4,7439,43.35
2008/12/29,43.6,43.6,42.6,43.35,17689,45.2
2008/12/30,43.85,45.5,43.5,45.2,30369,44.4
2008/12/31,45.5,45.5,43.9,44.4,20733,46.25
2009/1/5,46,47.1,45.8,46.25,41028,45.6
2009/1/6,46.05,46.25,45,45.6,34643,44.55
2009/1/7,45.95,46.45,44.2,44.55,70508,41.55
2009/1/8,43.5,43.5,41.5,41.55,88644,41
2009/1/9,40.79,42.4,40.5,41,68264,41
2009/1/10,41,41.45,40.5,41,20805,41.65
2009/1/12,40.5,41.9,40.5,41.65,49297,43.8
2009/1/13,42.8,43.95,41.7,43.8,71874,43
2009/1/14,43.5,44,43,43,44966,41
2009/1/15,41.1,41.3,40.54,41,73204,41.7
2009/1/16,42,42,41.15,41.7,32729,41.45
2009/1/17,41.7,41.8,41.25,41.45,7747,41
2009/1/19,41,41.4,40.9,41,36418,39.6
2009/1/20,40,40,39.6,39.6,81301,40.2
2009/1/21,39,40.4,38.7,40.2,65396,41.8
2009/2/2,41.2,42.35,40.54,41.8,112436,42.85
2009/2/3,43.05,43.05,42.3,42.85,88180,42.9
2009/2/4,43,43.05,42.75,42.9,83003,42.4
2009/2/5,42.9,43.3,42.4,42.4,69576,44.7
2009/2/6,44,45,43.9,44.7,99943,45.5
2009/2/9,46.4,46.6,45.4,45.5,104134,44.85
2009/2/10,46,46,44.8,44.85,45056,46.05
2009/2/11,44,46.1,44,46.05,80282,45.35
2009/2/12,46.2,46.45,44.9,45.35,68547,45.95
2009/2/13,45.8,46.25,45.8,45.95,49652,45.85
2009/2/16,46.95,46.95,45.75,45.85,51332,43.8
2009/2/17,45.1,45.4,43.05,43.8,69151,44.6
2009/2/18,44,45.3,43.6,44.6,57468,45.4
2009/2/19,45.2,46.2,44,45.4,57618,43.9
2009/2/20,44.15,44.8,43.85,43.9,71806,45
2009/2/23,43.8,45.2,43.5,45,48835,44
2009/2/24,43.95,44.4,43.5,44,59846,44.7
2009/2/25,45,45.3,44.3,44.7,53299,45
2009/2/26,45,45.25,44.6,45,51580,44.95
2009/2/27,45.3,45.45,44.8,44.95,59370,44.75
2009/3/2,46,46,44.15,44.75,100891,44.6
2009/3/3,44.8,44.85,44.25,44.6,58135,46
2009/3/4,45.35,46,44.8,46,84211,46.6
2009/3/5,46.85,47.4,46,46.6,77997,48.5
2009/3/6,47,48.75,46.85,48.5,101798,48.25
2009/3/9,48,48.6,47,48.25,69599,47.15
2009/3/10,46.5,47.45,46.5,47.15,76627,48.7
2009/3/11,48.6,49,48,48.7,83809,48.25
2009/3/12,48.6,48.7,47.95,48.25,51627,49.5
2009/3/13,49,50,48.8,49.5,114490,50
2009/3/16,50,50.1,49.85,50,74164,50
2009/3/17,50,50.2,49.65,50,57984,50.4
2009/3/18,50.2,50.5,49.75,50.4,80526,49.2
2009/3/19,50.5,50.6,49.1,49.2,50892,47.7
2009/3/20,49.7,49.7,47.7,47.7,62307,50.3
2009/3/23,48.4,50.4,48.4,50.3,59192,52.4
2009/3/24,51.5,52.4,51.3,52.4,62137,52.2
2009/3/25,52,53,51.6,52.2,74042,51.7
2009/3/26,51.6,52.8,51.1,51.7,61263,51.9
2009/3/27,52.6,52.6,51.6,51.9,53591,52
2009/3/30,51.8,52,50.8,52,46029,51.4
2009/3/31,51.6,52.8,51.4,51.4,69329,50.7
2009/4/1,51.9,52,50.7,50.7,51643,52.4
2009/4/2,52.3,52.5,51.5,52.4,84651,52.6
2009/4/3,53.5,53.8,52.1,52.6,69728,52.4
2009/4/6,53.5,53.5,51.6,52.4,77038,52.1
2009/4/7,51,52.1,51,52.1,75602,50.2
2009/4/8,51.5,51.5,49.6,50.2,112195,52.4
2009/4/9,51,52.4,51,52.4,85979,53
2009/4/10,53,53,52,53,43178,52.7
2009/4/13,53.5,53.5,52.2,52.7,57300,52.5
2009/4/14,52.1,52.6,51.3,52.5,72053,52
2009/4/15,52.5,52.5,50.8,52,89359,51.3
2009/4/16,52.2,52.4,51.1,51.3,93548,50.4
2009/4/17,51.9,52.4,50,50.4,152928,51.9
2009/4/20,51.4,51.9,50.7,51.9,78106,51.6
2009/4/21,50.5,51.6,50.5,51.6,64237,50.7
2009/4/22,51.6,51.6,50.5,50.7,67166,51.3
2009/4/23,50.9,51.4,50.1,51.3,62148,50.5
2009/4/24,51.6,51.8,50.3,50.5,82333,50.5
2009/4/27,50.6,51,50.2,50.5,63095,51
2009/4/28,50.9,51.5,50.6,51,55158,51.6
2009/4/29,51.6,51.8,51.3,51.6,58353,55.2
2009/4/30,55.2,55.2,54.4,55.2,154938,59
2009/5/4,58.9,59,57.8,59,177163,58
2009/5/5,60.5,60.9,57.5,58,131066,57.5
2009/5/6,58,58,56.6,57.5,176100,56.5
2009/5/7,57.5,57.5,56.1,56.5,141315,56.3
2009/5/8,55.6,56.3,55.4,56.3,97085,56.2
2009/5/11,56.5,57,55.6,56.2,77284,55.4
2009/5/12,56,56,55,55.4,83431,56.4
2009/5/13,55.3,56.8,55.3,56.4,93934,54.5
2009/5/14,55,55.4,54.4,54.5,82103,54.8
2009/5/15,55.8,55.8,54.8,54.8,64117,56
2009/5/18,55.5,56,54.2,56,63132,57
2009/5/19,57,57,56.4,57,91300,56.2
2009/5/20,56.8,56.8,55.7,56.2,64542,56.6
2009/5/21,56.2,56.8,55.8,56.6,64072,56.2
2009/5/22,56.6,56.7,55.9,56.2,57356,55.7
2009/5/25,56.9,56.9,55.1,55.7,50676,56.6
2009/5/26,55.9,56.8,55.6,56.6,62296,60.4
2009/5/27,57,60.4,56.7,60.4,184119,59
2009/6/1,60.5,60.6,58.5,59,101771,59.9
2009/6/2,60,60,59,59.9,80590,59.8
2009/6/3,59.2,59.8,58.8,59.8,73051,57.9
2009/6/4,58.5,59,57,57.9,81772,57.4
2009/6/5,57.9,57.9,57,57.4,42403,57.7
2009/6/6,57.4,57.8,57.2,57.7,7191,56.6
2009/6/8,58.1,58.1,56.5,56.6,56004,56.1
2009/6/9,56.7,57.8,56,56.1,75032,58.2
2009/6/10,57.5,58.2,57.3,58.2,55483,58.3
2009/6/11,58,58.3,56.5,58.3,53937,56
2009/6/12,57.8,57.8,56,56,87397,53.3
2009/6/15,54.6,55,52.6,53.3,97727,53.6
2009/6/16,53.2,54.3,52.5,53.6,77792,52
2009/6/17,52.9,52.9,51.8,52,83451,52.7
2009/6/18,53.3,53.3,52,52.7,62654,52.3
2009/6/19,52.2,52.5,51.7,52.3,66771,53
2009/6/22,51,53.1,51,53,47919,51.3
2009/6/23,51.8,51.8,51.3,51.3,59338,52.9
2009/6/24,51.6,54.8,51.5,52.9,122454,53.7
2009/6/25,53.5,53.9,53.1,53.7,56352,54.4
2009/6/26,53.8,54.5,53.5,54.4,69148,53.4
2009/6/29,54.5,54.5,53.1,53.4,64173,54.7
2009/6/30,54.6,54.7,53.8,54.7,45109,55
2009/7/1,54.3,55.5,53.6,55,46729,55.1
2009/7/2,54.9,55.3,54.5,55.1,34321,55
2009/7/3,54.1,55,54.1,55,27354,54.4
2009/7/6,55.1,55.3,54.2,54.4,33137,55.4
2009/7/7,54.4,55.6,54.3,55.4,37078,54.4
2009/7/8,54.7,54.7,54.1,54.4,57851,55.3
2009/7/9,54.4,56.1,54.3,55.3,60363,56.1
2009/7/10,56,56.2,55.4,56.1,52950,55
2009/7/13,57.2,57.3,54.4,55,66983,55.8
2009/7/14,55.5,56.2,55.3,55.8,89553,53.6
2009/7/15,53.4,55,53.1,53.6,73754,54.1
2009/7/16,55,55.2,54,54.1,49715,54
2009/7/17,54.9,55,53.9,54,54660,54.8
2009/7/20,54.9,55.2,54.5,54.8,69721,55.5
2009/7/21,55,55.5,54.6,55.5,68043,55.3
2009/7/22,55.2,55.6,54.7,55.3,55861,56.5
2009/7/23,55.5,56.7,55.4,56.5,69273,57.2
2009/7/24,57,57.3,56.8,57.2,81749,57.6
2009/7/27,57.2,57.9,56.9,57.6,50047,57.9
2009/7/28,57.6,57.9,57.1,57.9,48218,56.5
2009/7/29,58,58,55.9,56.5,57068,56
2009/7/30,56.1,56.4,55.2,56,62411,58.9
2009/7/31,58.3,59.2,58.1,58.9,196507,58.3
2009/8/3,58.6,58.6,57.1,58.3,70119,57.6
2009/8/4,58.6,58.8,56.7,57.6,62209,56.9
2009/8/5,57.9,58,56.6,56.9,53465,56.8
2009/8/6,57.5,57.5,56.5,56.8,53242,57.8
2009/8/10,57.3,58.3,57,57.8,69793,57.1
2009/8/11,57.3,57.6,56.5,57.1,64578,57.5
2009/8/12,57.1,57.5,56.5,57.5,43088,58.6
2009/8/13,58,58.6,57.5,58.6,80234,58.9
2009/8/14,59.2,59.4,58.5,58.9,51422,57.8
2009/8/17,59,59.2,57.4,57.8,48828,57.6
2009/8/18,57.1,57.8,56.6,57.6,32159,57.4
2009/8/19,57.5,57.9,57.3,57.4,21349,57.7
2009/8/20,57.4,57.8,56.5,57.7,25749,56.8
2009/8/21,58,58.1,56.5,56.8,42153,58.4
2009/8/24,57.8,59,57.6,58.4,59462,58.7
2009/8/25,58.6,59,58.3,58.7,35370,59
2009/8/26,58.7,59,58,59,50333,58.8
2009/8/27,58.5,58.9,57.9,58.8,30495,59.5
2009/8/28,59,59.5,58.3,59.5,49814,59.2
2009/8/31,59.6,59.8,58.5,59.2,45093,61
2009/9/1,59.4,61,58.7,61,85329,59.6
2009/9/2,60.4,60.8,59.6,59.6,61444,59.8
2009/9/3,60.2,60.2,59.3,59.8,42583,60
2009/9/4,60.2,60.2,59.5,60,44584,62
2009/9/7,60.1,62,59.7,62,75090,62.7
2009/9/8,62,63.1,61.4,62.7,70507,62
2009/9/9,62.8,63,62,62,50896,63.5
2009/9/10,64.7,65,62,63.5,96760,62.4
2009/9/11,62.8,62.8,61.9,62.4,48334,61.5
2009/9/14,62.4,62.5,60.8,61.5,44856,62.5
2009/9/15,61,62.7,61,62.5,36237,62.7
2009/9/16,62.6,63.4,62.5,62.7,35250,62.5
2009/9/17,63,63,62,62.5,38706,62.7
2009/9/18,62,62.7,61.8,62.7,46733,62.3
2009/9/21,62.5,62.6,61.5,62.3,33551,62.5
2009/9/22,62,62.8,62,62.5,24468,62.3
2009/9/23,62.7,62.9,61.4,62.3,34954,60.8
2009/9/24,62,62,60.5,60.8,54239,61.1
2009/9/25,61,61.3,60.4,61.1,45173,60.7
2009/9/28,61.4,61.4,60.5,60.7,27539,63.7
2009/9/29,62,63.7,62,63.7,82738,64.5
2009/9/30,63.7,65,63.7,64.5,102320,65
2009/10/1,65,65.2,63.8,65,55067,62.7
2009/10/2,63,63.3,62.5,62.7,77901,62
2009/10/5,62,62.2,61.5,62,60889,62.4
2009/10/6,62,63,61.6,62.4,82006,62.1
2009/10/7,63,63,61.7,62.1,62520,60.9
2009/10/8,61.2,61.8,60.9,60.9,82174,61.1
2009/10/9,60.8,61.3,60.7,61.1,67884,61.2
2009/10/12,61.8,61.8,60.6,61.2,36581,61.8
2009/10/13,60.6,61.8,60.3,61.8,51789,63.5
2009/10/14,62.5,63.5,62.3,63.5,86071,63.8
2009/10/15,64,64,63,63.8,62654,61.9
2009/10/16,62.5,63,61.8,61.9,75151,61.4
2009/10/19,61.7,61.9,61,61.4,103283,62
2009/10/20,61.8,62.3,61.8,62,67684,61.6
2009/10/21,61.7,62.2,61.3,61.6,48896,61.8
2009/10/22,62.2,62.2,61,61.8,72906,61.5
2009/10/23,62,62.1,61.5,61.5,37090,61.5
2009/10/26,61.8,62.3,61.5,61.5,36846,61.3
2009/10/27,61.5,61.9,61.1,61.3,49489,60.5
2009/10/28,61.3,61.5,60.5,60.5,62803,60.3
2009/10/29,60,60.6,59,60.3,104093,60
2009/10/30,61.4,61.4,60,60,65688,59.8
2009/11/2,59.5,60.2,59.2,59.8,38529,59.2
2009/11/3,59.7,59.7,59.1,59.2,52810,59.6
2009/11/4,59.2,59.7,59,59.6,64129,59.7
2009/11/5,59.9,60,59.4,59.7,43808,60
2009/11/6,60.3,60.3,59.7,60,44837,60
2009/11/9,60.5,60.5,59.8,60,34920,60.5
2009/11/10,60.4,60.5,60,60.5,40584,62.2
2009/11/11,61,62.5,60.9,62.2,94778,62.2
2009/11/12,62.5,62.8,61.9,62.2,102770,61.8
2009/11/13,61.8,62.2,61.5,61.8,43120,62.4
2009/11/16,62.4,62.7,62.2,62.4,59633,62.6
2009/11/17,63,63.2,62.1,62.6,57822,62.9
2009/11/18,63,63.2,62.7,62.9,54524,62.9
2009/11/19,62.9,63.2,62.7,62.9,40088,61.7
2009/11/20,62.8,62.8,61.4,61.7,50419,62
2009/11/23,61.4,62.1,61.4,62,25386,62.4
2009/11/24,62.2,62.5,61.8,62.4,25992,62.7
2009/11/25,62.2,63,62.2,62.7,46553,62
2009/11/26,62.8,63,61.8,62,31172,60
2009/11/27,61.1,61.3,60,60,93737,61.1
2009/11/30,61,61.3,60.7,61.1,32695,60.7
2009/12/1,61.5,61.6,60.4,60.7,53946,60.8
2009/12/2,61.4,61.5,60.5,60.8,38474,61.5
2009/12/3,61.6,61.8,61,61.5,54543,61.5
2009/12/4,61.5,61.9,61.3,61.5,26379,62.5
2009/12/7,62,62.8,62,62.5,46543,62.4
2009/12/8,62.9,62.9,61.9,62.4,39388,62.4
2009/12/9,62.2,62.4,61.9,62.4,37770,61.3
2009/12/10,62.8,62.8,61,61.3,62875,62.6
2009/12/11,61.9,62.6,61.4,62.6,41203,62.7
2009/12/14,62.1,62.8,62,62.7,38719,62.7
2009/12/15,62.5,62.7,62.2,62.7,28017,61.8
2009/12/16,62.5,62.5,61.5,61.8,49524,62.2
2009/12/17,62.1,62.4,61.5,62.2,33144,61.9
2009/12/18,61.5,61.9,61.3,61.9,32119,62.2
2009/12/21,62.4,62.8,62.2,62.2,52382,62.9
2009/12/22,62.6,62.9,62.5,62.9,44086,63.4
2009/12/23,63,63.5,62.8,63.4,65613,63.6
2009/12/24,63.4,63.7,63.3,63.6,56396,63.4
2009/12/25,63.9,63.9,63.1,63.4,20255,63.7
2009/12/28,63.4,64,63.4,63.7,39202,63.3
2009/12/29,63.7,63.7,62.9,63.3,28550,63.9
2009/12/30,63.3,64,63.3,63.9,59706,64.5
2009/12/31,64.4,64.5,63.9,64.5,52071,64.9
2010/1/4,65,65,64,64.9,39428,64.5
2010/1/5,65,65.1,63.9,64.5,37182,64.9
2010/1/6,64.5,64.9,63.7,64.9,49677,64.2
2010/1/7,64.9,65,64.2,64.2,42233,64
2010/1/8,63.5,64.3,63.5,64,46105,64.5
2010/1/11,64,64.9,63.5,64.5,36843,63.6
2010/1/12,64.4,64.4,63.3,63.6,50152,62.8
2010/1/13,63,63.1,62.6,62.8,48009,63.2
2010/1/14,63.6,63.6,63,63.2,36187,63.5
2010/1/15,62.9,63.5,62.8,63.5,47952,62.9
2010/1/18,62.8,63.1,62.8,62.9,30235,62.5
2010/1/19,63,63.2,62,62.5,47254,63
2010/1/20,62.9,63.2,62.2,63,52470,62.6
2010/1/21,63,63,62.1,62.6,24808,61.1
2010/1/22,61.5,61.7,61,61.1,63965,60.4
2010/1/25,60.1,60.8,60.1,60.4,62196,60.1
2010/1/26,60.6,61.2,60,60.1,79139,59.6
2010/1/27,60.1,60.4,59.5,59.6,52652,60
2010/1/28,60.5,61.5,59.8,60,44005,61.5
2010/1/29,60.1,61.5,59.4,61.5,91639,59.8
2010/2/1,60.7,60.7,59.5,59.8,75520,59
2010/2/2,60.2,60.4,59,59,66238,59.8
2010/2/3,60.2,60.3,58.8,59.8,42603,59.1
2010/2/4,60,60,59,59.1,42604,57.2
2010/2/5,57.6,57.9,57.2,57.2,62385,58
2010/2/6,57.6,58.1,57.3,58,16371,57.4
2010/2/8,58,58.2,57,57.4,45268,58.6
2010/2/9,58.4,59.2,57.7,58.6,45764,58.4
2010/2/10,59,59.2,58.2,58.4,53776,59
2010/2/22,60.5,60.5,59,59,47543,59.8
2010/2/23,59.6,59.9,59.1,59.8,50382,58.5
2010/2/24,59.2,59.2,58.4,58.5,54908,58.2
2010/2/25,58.5,58.9,57.9,58.2,55678,58.8
2010/2/26,58.2,58.9,58,58.8,30898,59.6
2010/3/1,59.5,59.9,58.2,59.6,60231,59.9
2010/3/2,60.5,60.5,59.5,59.9,53514,60
2010/3/3,59.6,60.1,59.6,60,32199,59.2
2010/3/4,59.8,59.8,58.4,59.2,53449,60.4
2010/3/5,59.8,60.4,59.6,60.4,59526,61.2
2010/3/8,60.9,61.2,60.6,61.2,44019,61.3
2010/3/9,61.2,61.4,60.8,61.3,29844,61.4
2010/3/10,61.3,61.4,60.8,61.4,30564,61.4
2010/3/11,61.6,61.8,61.2,61.4,25357,60.8
2010/3/12,61.4,61.5,60.6,60.8,67925,59.8
2010/3/15,61.3,61.3,59.8,59.8,38039,59.7
2010/3/16,60.1,60.2,59.7,59.7,29410,60.5
2010/3/17,60.5,60.9,59.9,60.5,68998,60.4
2010/3/18,60.1,60.6,60,60.4,70139,60
2010/3/19,60,60.3,59.7,60,45985,59
2010/3/22,59.6,59.6,58.8,59,47052,59.6
2010/3/23,59.5,60.1,59.5,59.6,48129,60.6
2010/3/24,60.1,60.8,60.1,60.6,46977,61.5
2010/3/25,60.9,61.5,60.2,61.5,62758,62
2010/3/26,61.3,62,60.3,62,77351,62.2
2010/3/29,62,62.3,61.7,62.2,37517,62.2
2010/3/30,62.4,62.4,61.7,62.2,30015,61.5
2010/3/31,62.2,62.2,61.5,61.5,39251,62.1
2010/4/1,61.5,62.5,61.5,62.1,54686,62.4
2010/4/2,62.5,62.5,62.1,62.4,17310,63.4
2010/4/6,62.8,63.5,62.8,63.4,53131,63.5
2010/4/7,63.5,63.5,63.1,63.5,48369,62.3
2010/4/8,62.8,63,62.1,62.3,48571,62.7
2010/4/9,61.9,63,61.9,62.7,31606,63.1
2010/4/12,63.3,63.4,62.8,63.1,34943,62.9
2010/4/13,63,63.1,62.1,62.9,42728,63.8
2010/4/14,63.1,63.8,62.9,63.8,55589,64.4
2010/4/15,64.5,64.9,64,64.4,70979,63
2010/4/16,63.6,63.7,62.9,63,49697,62.6
2010/4/19,62.5,63.2,62.4,62.6,66443,62.8
2010/4/20,62.9,63,62.4,62.8,37516,62.4
2010/4/21,62.9,63.1,62.3,62.4,44909,61.6
2010/4/22,61.8,61.8,60.8,61.6,90652,61.7
2010/4/23,61.9,62.4,61.6,61.7,48925,63.5
2010/4/26,62.4,63.6,62.4,63.5,67476,63.7
2010/4/27,63.5,63.7,63.1,63.7,25357,62.1
2010/4/28,62.1,62.6,62,62.1,73191,61.6
2010/4/29,62.2,62.2,61.6,61.6,40204,61.8
2010/4/30,61.8,62.7,61.8,61.8,43411,61.6
2010/5/3,62.6,62.6,61.4,61.6,22427,61
2010/5/4,61.9,62,60.8,61,38758,59.8
2010/5/5,59.9,60.2,59.8,59.8,94166,59.5
2010/5/6,59.8,59.9,59.2,59.5,48940,59.4
2010/5/7,58.6,60.1,58.5,59.4,61547,59.8
2010/5/10,59.4,60,59,59.8,56284,60.1
2010/5/11,60.4,60.6,59.9,60.1,67845,60.1
2010/5/12,61,61,60,60.1,27700,61.2
2010/5/13,60.6,61.5,60.5,61.2,39870,61.2
2010/5/14,60.7,61.5,60.5,61.2,31570,59.2
2010/5/17,60.5,60.5,59.1,59.2,73188,59.5
2010/5/18,59.6,60,59.4,59.5,30462,59.3
2010/5/19,59,59.6,58.6,59.3,48545,58.9
2010/5/20,59.5,59.7,58.9,58.9,31716,58.8
2010/5/21,58.3,59.1,57.9,58.8,45729,59
2010/5/24,59.6,59.6,58.7,59,19301,58.4
2010/5/25,58.8,58.9,58.1,58.4,48455,58.9
2010/5/26,58.9,59,58.5,58.9,42783,58.7
2010/5/27,58.5,59.3,57.7,58.7,55488,58.7
2010/5/28,58.9,59.4,58.3,58.7,61130,60.2
2010/5/31,59.1,60.2,58.8,60.2,25378,59.8
2010/6/1,59.9,60,59.2,59.8,27350,59.8
2010/6/2,59.8,60.4,59.3,59.8,35303,60.8
2010/6/3,60.8,61,60.5,60.8,46943,61
2010/6/4,60.5,61,60.2,61,41845,59.2
2010/6/7,59.7,59.7,58.7,59.2,69263,58.5
2010/6/8,58.9,59.2,58.4,58.5,40413,58.6
2010/6/9,58.4,59,58.3,58.6,46086,59.4
2010/6/10,59.8,59.8,58.8,59.4,28803,60.5
2010/6/11,60.2,60.5,60,60.5,41134,61.1
2010/6/14,60.9,61.4,60.9,61.1,44907,61.4
2010/6/15,61.3,61.9,60.7,61.4,37500,62.1
2010/6/17,62,62.3,61.7,62.1,56219,62.7
2010/6/18,62.4,62.7,61.8,62.7,46292,63.3
2010/6/21,63.1,63.7,63.1,63.3,68346,62.6
2010/6/22,63.3,63.3,62.6,62.6,30466,62.1
2010/6/23,62,62.5,62,62.1,37171,62
2010/6/24,62.1,62.2,61.7,62,35340,61.4
2010/6/25,61.5,61.9,61.3,61.4,30563,61.7
2010/6/28,61.2,61.7,61.1,61.7,20519,61
2010/6/29,62,62.6,61,61,47928,60.6
2010/6/30,60.3,61,60.3,60.6,58300,60
2010/7/1,60.6,60.6,59.9,60,64918,60.3
2010/7/2,60,60.7,60,60.3,66989,61.4
2010/7/5,60.3,61.8,60.3,61.4,87898,59.9
2010/7/6,58.9,59.9,58.8,59.9,69817,59.5
2010/7/7,59.8,59.9,59.2,59.5,59146,60.4
2010/7/8,60.1,60.4,59.7,60.4,50350,60.4
2010/7/9,60.4,60.5,59.9,60.4,38051,59.8
2010/7/12,60.6,60.6,59.8,59.8,44172,59.6
2010/7/13,59.9,60.2,59.5,59.6,37458,60.4
2010/7/14,60.4,60.7,60.2,60.4,59805,60.3
2010/7/15,60.4,60.5,60.1,60.3,32947,59.9
2010/7/16,60.5,60.5,59.8,59.9,29914,61.1
2010/7/19,59.5,61.3,59.4,61.1,56274,61.5
2010/7/20,61.3,61.8,61,61.5,53917,61.8
2010/7/21,61.9,61.9,61.5,61.8,41234,62
2010/7/22,61.9,62.3,61.3,62,45285,62.8
2010/7/23,62.6,63,62.4,62.8,65958,62.6
2010/7/26,63,63.1,62.3,62.6,26985,62.5
2010/7/27,63,63,62.3,62.5,21017,63
2010/7/28,62.3,63,62.2,63,26173,63
2010/7/29,63,63,62.6,63,38320,62.4
2010/7/30,62.4,62.4,61.4,62.4,43590,62.3
2010/8/2,62.6,62.8,62.1,62.3,48097,62
2010/8/3,62.6,62.6,61.7,62,32951,62
2010/8/4,62,62.2,61.6,62,20375,61.9
2010/8/5,62,62,61.8,61.9,21823,60.9
2010/8/6,61.6,61.7,60.6,60.9,62461,60.7
2010/8/9,60.5,60.9,60.4,60.7,56994,61
2010/8/10,60.9,61.4,60.8,61,62192,61
2010/8/11,60.8,61.2,60.7,61,28610,60.2
2010/8/12,60.2,60.6,60.1,60.2,65582,60.1
2010/8/13,60.2,60.6,59.9,60.1,64105,60.3
2010/8/16,60,60.3,59.6,60.3,39736,59.8
2010/8/17,60.5,60.5,59.8,59.8,37554,59.6
2010/8/18,60,60.3,59.5,59.6,42378,60.1
2010/8/19,59.5,60.4,59.5,60.1,45779,59.9
2010/8/20,59.8,60.2,59.7,59.9,30087,60.1
2010/8/23,59.9,60.9,59.6,60.1,27546,59.6
2010/8/24,60,60.1,59.6,59.6,30689,58.7
2010/8/25,59.4,59.4,58.6,58.7,70592,58.8
2010/8/26,58.6,59.1,58.5,58.8,33558,58.8
2010/8/27,58.7,58.9,58.5,58.8,43395,59.4
2010/8/30,59.2,59.6,58.9,59.4,27617,58.9
2010/8/31,59,59,58.4,58.9,77346,59.1
2010/9/1,59.3,59.3,58.7,59.1,33690,59.5
2010/9/2,60,60.1,59.4,59.5,25383,59.8
2010/9/3,59.3,59.9,59.3,59.8,31719,60.5
2010/9/6,60.4,60.5,60.1,60.5,25791,60.2
2010/9/7,60.5,60.6,60.1,60.2,20244,59.3
2010/9/8,59.6,59.9,58.9,59.3,66268,59.5
2010/9/9,59.7,59.7,59.2,59.5,21211,59.3
2010/9/10,59.5,59.7,59.1,59.3,32625,60.9
2010/9/13,59.6,60.9,59.4,60.9,86627,61
2010/9/14,61.2,61.2,60.7,61,33501,61.2
2010/9/15,61.2,61.2,60.5,61.2,39386,60.5
2010/9/16,60.8,61,60.5,60.5,27888,61.2
2010/9/17,61,61.4,60.6,61.2,49375,62
2010/9/20,61.5,62,61.3,62,65951,61.8
2010/9/21,62.3,62.3,61.6,61.8,32211,60
2010/9/23,60.9,60.9,59.9,60,106238,60.1
2010/9/24,59.7,60.2,59.6,60.1,58590,60.7
2010/9/27,60.8,60.8,60.4,60.7,57052,61
2010/9/28,60.7,61.2,60.6,61,48344,61.5
2010/9/29,61.5,61.9,61,61.5,79489,62
2010/9/30,61.7,62,61.6,62,56212,62
2010/10/1,62.2,62.3,61.7,62,38952,61.9
2010/10/4,62,62.1,61.6,61.9,25747,61.1
2010/10/5,61.7,61.7,60.9,61.1,28478,61.8
2010/10/6,61.9,62,61.5,61.8,34124,61.3
2010/10/7,61.4,61.7,61,61.3,37419,61.8
2010/10/8,61,61.8,61,61.8,54192,61.5
2010/10/11,62,62,61.1,61.5,24274,61
2010/10/12,61.5,61.5,60.4,61,27953,61
2010/10/13,61.3,61.3,60.4,61,28998,61.8
2010/10/14,61.4,62,61.3,61.8,45898,61.9
2010/10/15,61.3,61.9,61.2,61.9,29905,60.5
2010/10/18,61.4,61.8,60.4,60.5,32509,60.7
2010/10/19,60.6,60.7,60.1,60.7,34486,61
2010/10/20,60.5,61.1,60.4,61,34468,61
2010/10/21,61.3,61.4,60.8,61,37317,61.8
2010/10/22,61.7,61.8,61.4,61.8,42930,62
2010/10/25,62,62.2,61.8,62,38644,62.3
2010/10/26,62.2,62.3,62,62.3,37878,62
2010/10/27,62.3,62.4,61.9,62,26605,62.7
2010/10/28,62.4,63,62.1,62.7,62018,62.8
2010/10/29,63,63.1,62.5,62.8,67877,63.5
2010/11/1,63.4,63.5,63,63.5,76311,63.3
2010/11/2,63,63.4,63,63.3,24367,63.9
2010/11/3,63.5,64,63.3,63.9,44471,63.9
2010/11/4,63.9,64.1,63.6,63.9,32732,64.2
2010/11/5,64.5,64.6,63.8,64.2,43890,63.3
2010/11/8,64.2,64.2,63.1,63.3,23608,64
2010/11/9,63.3,64,63.1,64,25474,64.2
2010/11/10,64,64.3,63.7,64.2,37760,63.7
2010/11/11,63.9,64.2,63.7,63.7,31698,63
2010/11/12,63.6,64,63,63,29682,63.9
2010/11/15,63.8,64,63.2,63.9,27610,64.5
2010/11/16,64.3,64.7,64.1,64.5,55040,63.8
2010/11/17,64.2,64.5,63.6,63.8,51350,63.3
2010/11/18,63.7,63.9,63,63.3,39063,63.7
2010/11/19,63.6,64,63,63.7,23796,63.8
2010/11/22,63.6,64.3,63.2,63.8,25411,63.4
2010/11/23,63.7,63.8,63.3,63.4,30928,63.2
2010/11/24,63,64,63,63.2,26863,64.4
2010/11/25,63.8,64.5,63.5,64.4,34664,64.4
2010/11/26,63.9,64.5,63.9,64.4,31000,64.3
2010/11/29,64.6,64.7,63.8,64.3,33478,63.4
2010/11/30,63.8,64.4,63.4,63.4,66852,64.6
2010/12/1,63.8,64.6,63.8,64.6,58053,66.2
2010/12/2,65,66.4,64.9,66.2,87876,68.3
2010/12/3,66.8,70,66.7,68.3,124823,68.5
2010/12/6,68.9,69.5,68.4,68.5,58705,68
2010/12/7,68.5,68.6,67.6,68,58965,68
2010/12/8,68.6,68.7,67.8,68,46544,70
2010/12/9,69,70.1,68.8,70,91431,69.7
2010/12/10,69.6,69.9,69.3,69.7,32791,69.4
2010/12/13,70,70.4,69,69.4,36087,69
2010/12/14,69.9,69.9,68.7,69,46029,70
2010/12/15,68.6,70.1,68.5,70,56742,71.2
2010/12/16,70,71.6,69.8,71.2,61993,72.9
2010/12/17,72,75,71.6,72.9,108466,71.2
2010/12/20,73,73,70.9,71.2,91210,71.3
2010/12/21,71.5,71.6,70.8,71.3,35481,71.2
2010/12/22,71.1,71.6,70.7,71.2,26256,71
2010/12/23,71.8,71.8,70.7,71,35549,70.8
2010/12/24,71,71,70.5,70.8,21533,70.7
2010/12/27,70.8,70.8,70,70.7,29181,70.9
2010/12/28,70.9,71,70.6,70.9,35996,70.6
2010/12/29,70.8,70.8,70.2,70.6,40380,70.6
2010/12/30,70.6,70.8,70.1,70.6,54042,71
2010/12/31,70.5,72.3,70.3,71,143660,71.1
2011/1/3,71.5,71.6,70.8,71.1,35191,71.2
2011/1/4,71,71.6,70.8,71.2,35489,69.8
2011/1/5,70.9,71.1,69.6,69.8,51880,71
2011/1/6,69.8,71,69.7,71,46750,72.5
2011/1/7,71.9,73,71.9,72.5,169873,74.2
2011/1/10,73,74.2,72.6,74.2,67073,74.5
2011/1/11,74.1,74.9,73.8,74.5,82016,74.9
2011/1/12,74.7,75,74.7,74.9,53467,74.6
2011/1/13,75.1,75.3,74.2,74.6,93018,74.8
2011/1/14,74.4,74.8,74.1,74.8,28693,75.8
2011/1/17,75.4,75.9,75.3,75.8,67256,76.8
2011/1/18,75.5,77.4,75.2,76.8,56572,78
2011/1/19,76.9,78.3,76.6,78,86913,76.4
2011/1/20,77,77,76.1,76.4,43642,74.6
2011/1/21,74,75.2,74,74.6,81432,75.3
2011/1/24,75.2,75.4,74.6,75.3,40808,75
2011/1/25,75.9,75.9,74.9,75,43804,74.6
2011/1/26,74.6,75.2,74.3,74.6,66498,75.2
2011/1/27,74.9,75.4,74.8,75.2,69805,76.3
2011/1/28,75.2,76.9,74.9,76.3,97502,75.5
2011/2/8,77,77,74.8,75.5,105356,73.8
2011/2/9,75.5,75.6,73.8,73.8,79156,72
2011/2/10,73.1,73.4,72,72,83593,71.4
2011/2/11,72.2,72.4,70.9,71.4,111937,72.5
2011/2/14,72,72.9,71.5,72.5,64873,72.5
2011/2/15,72.4,73.1,71.4,72.5,56462,72.1
2011/2/16,72.4,72.7,71.9,72.1,53932,72.5
2011/2/17,72.4,72.9,71.6,72.5,49309,73
2011/2/18,73.1,73.9,73,73,73552,73.4
2011/2/21,73.1,73.4,72.3,73.4,38029,72.5
2011/2/22,72.2,72.5,71.2,72.5,82638,71
2011/2/23,71.5,71.9,70.5,71,78225,70.5
2011/2/24,71,71.4,70.5,70.5,62734,70.5
2011/2/25,70.6,71.1,69.9,70.5,78850,71.4
2011/3/1,70,71.8,70,71.4,77471,70.4
2011/3/2,70.8,71,70.4,70.4,53020,70.8
2011/3/3,70.1,71.6,70.1,70.8,59466,71.8
2011/3/4,71.5,72,71.3,71.8,55274,70.9
2011/3/7,71.6,71.7,70.9,70.9,30145,71.5
2011/3/8,70.5,71.8,70.5,71.5,49292,71.4
2011/3/9,72.2,72.2,71.1,71.4,42771,70.5
2011/3/10,72.1,72.1,70.1,70.5,61958,70
2011/3/11,70,70.6,69.5,70,52572,70.3
2011/3/14,70.3,70.5,69.1,70.3,47234,68
2011/3/15,70,70.1,66.2,68,114583,68.5
2011/3/16,68.8,69.1,68.1,68.5,61078,67.4
2011/3/17,66.8,67.5,65.7,67.4,104820,68.3
2011/3/18,67.8,68.4,67.2,68.3,55698,69
2011/3/21,68.3,69.1,68,69,34816,68.6
2011/3/22,69.5,69.5,68.4,68.6,31481,68.7
2011/3/23,69.1,69.1,68.1,68.7,31219,69.4
2011/3/24,69.1,70.1,69,69.4,44729,71.2
2011/3/25,70.4,71.2,70,71.2,51666,71
2011/3/28,70.6,71,70.3,71,28601,70.8
2011/3/29,70.6,71.2,70.4,70.8,34848,70.3
2011/3/30,70.3,70.8,70,70.3,60148,70.6
2011/3/31,71,71,70,70.6,41972,70.7
2011/4/1,70.7,70.8,70.1,70.7,26633,72.9
2011/4/6,71.5,72.9,71.5,72.9,114143,72.8
2011/4/7,73,73,72.3,72.8,45177,72.9
2011/4/8,72.9,73,72.4,72.9,64901,71.1
2011/4/11,73,73,70.9,71.1,42452,70.1
2011/4/12,70.5,70.7,70.1,70.1,45945,70.7
2011/4/13,70.1,70.8,70,70.7,27368,69.8
2011/4/14,70.3,70.5,69.6,69.8,46856,69.2
2011/4/15,70,70,69.1,69.2,52198,69
2011/4/18,69.8,69.8,68.8,69,27157,68.1
2011/4/19,68.5,68.5,68,68.1,42710,69.8
2011/4/20,69,69.8,68.5,69.8,48219,70.7
2011/4/21,70.7,71.3,70.3,70.7,50903,70.9
2011/4/22,70.9,71,70.3,70.9,25336,70.3
2011/4/25,71,71.1,70.1,70.3,22082,70.3
2011/4/26,69.7,70.3,69.1,70.3,31910,72.3
2011/4/27,71.5,72.7,71.5,72.3,58861,73
2011/4/28,73.4,73.7,72.9,73,83104,73.2
2011/4/29,73.7,73.9,72.9,73.2,92991,74.6
2011/5/3,73.9,74.8,73.6,74.6,81580,73.8
2011/5/4,74.4,74.4,73,73.8,46497,74.8
2011/5/5,74,74.8,73.6,74.8,45426,75
2011/5/6,75,75.6,74.4,75,53723,75.5
2011/5/9,75.6,76.1,75.2,75.5,59923,74.4
2011/5/10,75.6,75.6,74.4,74.4,43322,75
2011/5/11,75.3,75.3,74.6,75,43112,75.7
2011/5/12,74.2,76,74.1,75.7,58398,75.9
2011/5/13,76,76.1,75.5,75.9,37230,74.9
2011/5/16,75.9,75.9,74.7,74.9,25908,75.6
2011/5/17,74.6,76,74.6,75.6,41037,75.3
2011/5/18,75.3,75.8,74.9,75.3,27998,75.2
2011/5/19,74.9,76.3,74.9,75.2,52708,75.5
2011/5/20,76,76,74.9,75.5,32938,75.1
2011/5/23,74.7,75.5,74.5,75.1,39001,74.8
2011/5/24,74.9,75.1,74.2,74.8,34752,74.5
2011/5/25,74.2,74.9,73.3,74.5,59544,74.2
2011/5/26,75,75,74,74.2,33194,74
2011/5/27,73.8,74.5,73.8,74,46562,75.1
2011/5/30,74,75.3,74,75.1,33690,76.7
2011/5/31,75.5,76.9,75.4,76.7,62812,77
2011/6/1,76.3,77.3,76.3,77,44956,76.4
2011/6/2,76.3,77.4,76.3,76.4,61817,77.2
2011/6/3,77,77.2,76.1,77.2,35400,77.5
2011/6/7,77.2,78.2,76.6,77.5,40838,77.5
2011/6/8,77.1,78,77.1,77.5,58196,76.9
2011/6/9,78,78,76.8,76.9,33602,75.3
2011/6/10,77,77.5,75.1,75.3,55305,74.7
2011/6/13,74.5,75,73.9,74.7,68702,76.2
2011/6/14,74.5,76.4,74.5,76.2,52714,77
2011/6/15,77,77.4,76.1,77,85406,75.5
2011/6/16,76,76.2,75.4,75.5,62339,74.2
2011/6/17,75,75.1,74.1,74.2,79756,74.9
2011/6/20,74.6,75.4,74.1,74.9,31749,75.9
2011/6/21,75.4,76.2,75.3,75.9,40821,75
2011/6/22,76.3,76.3,74.6,75,45341,74.2
2011/6/23,74.7,74.9,73.8,74.2,53316,72.9
2011/6/24,73.6,73.6,71.9,72.9,68749,72
2011/6/27,72,72.1,71.6,72,65137,72.5
2011/6/28,72.1,72.6,71.8,72.5,96278,71.4
2011/6/29,70.9,72.1,70.4,71.4,93076,72.2
2011/6/30,71.4,72.2,71.3,72.2,48887,72.8
2011/7/1,72.2,73,72,72.8,40548,73.5
2011/7/4,73.9,73.9,73.1,73.5,40191,73.2
2011/7/5,73.2,73.3,72.4,73.2,34255,72.8
2011/7/6,73.2,73.4,72.5,72.8,43148,71.6
2011/7/7,72.1,72.3,71.5,71.6,47714,72.5
2011/7/8,72.1,72.8,72,72.5,52384,71.3
2011/7/11,72.6,72.6,70.2,71.3,47268,70.3
2011/7/12,70.6,70.8,70.1,70.3,39986,72.2
2011/7/13,70.5,72.5,70.1,72.2,69081,70.7
2011/7/14,70.5,71.4,70.1,70.7,54396,69.9
2011/7/15,70,70.2,69.5,69.9,88122,69.7
2011/7/18,69.7,70.2,69.4,69.7,34416,68.5
2011/7/19,69.6,69.8,68.5,68.5,57435,71.6
2011/7/20,69.7,71.7,69.4,71.6,55352,71.6
2011/7/21,71.4,71.6,70.6,71.6,32960,72
2011/7/22,72.4,72.4,71.7,72,37220,72
2011/7/25,72.4,72.5,71.4,72,32614,73.7
2011/7/26,72.3,73.7,72.3,73.7,52890,73.4
2011/7/27,73.7,73.9,73,73.4,35600,73
2011/7/28,72.8,73.4,72.3,73,33702,72
2011/7/29,71.8,72.4,71.3,72,60662,72.6
2011/8/1,72,72.8,72,72.6,41111,71.4
2011/8/2,72,72.1,71.2,71.4,33496,70.1
2011/8/3,70.1,70.5,69.8,70.1,46005,70
2011/8/4,69.6,70.7,69.6,70,44014,66.6
2011/8/5,66,68,66,66.6,89649,65.2
2011/8/8,66,67.4,64,65.2,97493,63.3
2011/8/9,62.5,65.1,62.2,63.3,115769,65.8
2011/8/10,65.1,67,65,65.8,109776,66.4
2011/8/11,64.6,66.8,64,66.4,54349,65.1
2011/8/12,67.2,67.6,65.1,65.1,61082,66.8
2011/8/15,66.9,66.9,65.9,66.8,39718,66
2011/8/16,66.8,66.8,66,66,38964,65.8
2011/8/17,66,66.2,65.3,65.8,35859,64.4
2011/8/18,65.8,65.8,63.3,64.4,73291,63.9
2011/8/19,63.1,63.9,63,63.9,43317,65
2011/8/22,63.6,65.5,63,65,46353,66.8
2011/8/23,65,67.1,65,66.8,46526,67.5
2011/8/24,67.7,67.7,66.4,67.5,48449,67
2011/8/25,67.4,67.6,66.4,67,30870,67.9
2011/8/26,67.1,68.3,67,67.9,40489,69.4
2011/8/29,68.6,69.9,68.1,69.4,38605,69
2011/8/30,70.3,70.3,68.6,69,33743,69.4
2011/8/31,69.1,69.4,67.8,69.4,47539,68.6
2011/9/1,69.4,69.8,68.6,68.6,47975,67.5
2011/9/2,69.5,69.5,67.1,67.5,42241,66.6
2011/9/5,66.1,67.1,65.9,66.6,49898,66.1
2011/9/6,66.5,67.2,66.1,66.1,39124,68.6
2011/9/7,67,68.6,66.8,68.6,40098,68.7
2011/9/8,69.6,69.6,68.4,68.7,42691,69.3
2011/9/9,69.5,70.1,68.9,69.3,38328,68.4
2011/9/13,69.6,70,68.4,68.4,34935,67.2
2011/9/14,69.5,69.6,66.9,67.2,60655,69.1
2011/9/15,69,69.8,68.5,69.1,42210,71.1
2011/9/16,70.4,72,70.3,71.1,77107,71.2
2011/9/19,71.4,71.7,70.7,71.2,28774,70.5
2011/9/20,71,71.7,69.7,70.5,46887,72
2011/9/21,71,72.1,70.9,72,52375,69
2011/9/22,70.2,70.5,69,69,64905,67.5
2011/9/23,68.2,68.9,67.4,67.5,85503,67.2
2011/9/26,67.7,68.3,66.9,67.2,61660,69.9
2011/9/27,68.9,70.2,68.7,69.9,56685,70.3
2011/9/28,70.8,70.9,69.8,70.3,42322,70.3
2011/9/29,69.6,70.9,69.3,70.3,39918,70
2011/9/30,70.3,70.8,69,70,60247,68.6
2011/10/3,70,70,68.1,68.6,33959,69.1
2011/10/4,70,70,68.2,69.1,35700,69.1
2011/10/5,68.9,69.7,68.7,69.1,30960,69
2011/10/6,69.7,69.9,68.7,69,57249,69.1
2011/10/7,69.5,69.6,68.7,69.1,45402,70
2011/10/11,70,70.4,69.6,70,55260,70.4
2011/10/12,70.5,70.5,69.6,70.4,41253,70.4
2011/10/13,69.8,70.4,68.8,70.4,58449,70.3
2011/10/14,70.8,70.8,69.9,70.3,35671,71.1
2011/10/17,70.8,71.1,70.5,71.1,39023,70.7
2011/10/18,70.1,70.7,70,70.7,25563,71.1
2011/10/19,71,71.1,70.2,71.1,31261,69.7
2011/10/20,70.5,70.7,69.6,69.7,25726,70.3
2011/10/21,70.7,70.7,69.6,70.3,17946,71.7
2011/10/24,71.2,71.9,71.2,71.7,50101,71.5
2011/10/25,71.8,72,71,71.5,40883,71.9
2011/10/26,71.4,72,71.1,71.9,25700,71.9
2011/10/27,72,72.2,71.4,71.9,38821,73.1
2011/10/28,73.5,74,72.1,73.1,90711,73.6
2011/10/31,73.5,73.8,73.1,73.6,46716,73.8
2011/11/1,73.5,74,73,73.8,37091,73.9
2011/11/2,73.1,73.9,72.4,73.9,34638,73.5
2011/11/3,74.2,74.2,72.3,73.5,36424,74.6
2011/11/4,74.5,74.9,73.9,74.6,56767,75
2011/11/7,75,75.2,74.3,75,28464,74.5
2011/11/8,75,75,74,74.5,21458,74.1
2011/11/9,74.9,74.9,74.1,74.1,17562,72.6
2011/11/10,72.5,73.4,72.5,72.6,45160,73.4
2011/11/11,73.5,73.6,72.6,73.4,27497,75.9
2011/11/14,74.9,76,74.6,75.9,63619,76
2011/11/15,75.5,76,75,76,35923,75.4
2011/11/16,76,76,74.9,75.4,38949,75.7
2011/11/17,75.2,76,74.8,75.7,34902,74.2
2011/11/18,75,75.2,73.7,74.2,52431,73.3
2011/11/21,73.2,73.9,73,73.3,21377,74
2011/11/22,75.2,75.2,73.8,74,42458,73.4
2011/11/23,74,74.5,73.1,73.4,42855,72.8
2011/11/24,72.9,73.2,72.6,72.8,46953,71.6
2011/11/25,73,73.3,71.3,71.6,36875,73.6
2011/11/28,71.6,74.4,71.6,73.6,34912,73.6
2011/11/29,73.8,74.2,72.9,73.6,42686,74.6
2011/11/30,74,74.6,73,74.6,51420,76.6
2011/12/1,75.5,76.6,75.5,76.6,78478,76
2011/12/2,76.6,76.8,75.4,76,35302,76.3
2011/12/5,76,76.3,75.4,76.3,28842,75.4
2011/12/6,76.3,76.3,75.3,75.4,41115,76.4
2011/12/7,76.5,76.5,75.4,76.4,40844,76.3
2011/12/8,76.7,76.7,75.3,76.3,31675,74.1
2011/12/9,76,76,73.5,74.1,42004,75
2011/12/12,75.1,75.2,74.1,75,28300,75.2
2011/12/13,73.7,75.2,73.7,75.2,29889,74.5
2011/12/14,75.1,75.1,73.9,74.5,27863,72.5
2011/12/15,74.1,74.1,72.5,72.5,35722,72.7
2011/12/16,72.8,73.4,72.5,72.7,20813,72.5
2011/12/19,73.5,73.5,72,72.5,24525,72.8
2011/12/20,72.9,72.9,72,72.8,26785,76
2011/12/21,74.9,76,74.1,76,53030,75
2011/12/22,75.3,75.5,74.4,75,25829,75.4
2011/12/23,75.8,75.8,74.6,75.4,28729,75
2011/12/26,75.4,75.5,74.7,75,11314,75.5
2011/12/27,74.8,75.5,74.7,75.5,14612,75.7
2011/12/28,75.3,75.7,74.9,75.7,19966,75.8
2011/12/29,75.4,75.9,75.2,75.8,24756,75.8
2011/12/30,75.7,75.9,74.9,75.8,32250,75
2012/1/2,75,75.4,74.7,75,14934,75.7
2012/1/3,75.5,75.9,75.2,75.7,21188,75.8
2012/1/4,76.1,76.1,75.5,75.8,34104,76
2012/1/5,76,76,75.3,76,28048,75.6
2012/1/6,75.9,75.9,74.9,75.6,29881,75.6
2012/1/9,75.2,75.6,74.6,75.6,27632,76.5
2012/1/10,76,76.5,75.8,76.5,56468,76.5
2012/1/11,76.8,77,76.1,76.5,41133,77
2012/1/12,76.7,77.1,76.5,77,55402,77.5
2012/1/13,77.2,78,77,77.5,57326,75.3
2012/1/16,76.1,76.9,74.6,75.3,37685,75.6
2012/1/17,75.9,75.9,74.9,75.6,43624,76.7
2012/1/18,75.9,76.7,75.6,76.7,56933,78.7
2012/1/30,78,79.5,77.2,78.7,134487,78.5
2012/1/31,78.1,78.5,76.3,78.5,84154,77
2012/2/1,77.5,77.7,76.7,77,46197,76.8
2012/2/2,77.5,77.5,76.1,76.8,54042,76.2
2012/2/3,76.3,76.4,75.6,76.2,47782,76.5
2012/2/4,76.4,76.7,76,76.5,22934,77.4
2012/2/6,77.3,77.5,76.6,77.4,47556,77.4
2012/2/7,77.5,77.5,76.8,77.4,29978,77.5
2012/2/8,77.5,77.5,76.9,77.5,34762,78
2012/2/9,77,78,76.5,78,55149,76.9
2012/2/10,78,78,76.7,76.9,42131,76.6
2012/2/13,76.4,77.1,76.2,76.6,36392,77.3
2012/2/14,77.1,77.4,76.2,77.3,42079,78.5
2012/2/15,77.6,78.5,77.6,78.5,71070,78.5
2012/2/16,78.5,78.9,78,78.5,57972,80
2012/2/17,79.5,81.1,79.4,80,63976,80
2012/2/20,80.6,80.8,79.7,80,31056,80
2012/2/21,80,80,79.3,80,27542,79.7
2012/2/22,79.9,80,79,79.7,41104,78.1
2012/2/23,79,79.4,77.7,78.1,59950,79.1
2012/2/24,77.5,79.1,77.2,79.1,39496,81.1
2012/2/29,80.2,81.1,79.4,81.1,77950,80.1
2012/3/1,81,81,80.1,80.1,21195,80
2012/3/2,80,80.1,79.2,80,23877,79.3
2012/3/3,79.1,79.6,79.1,79.3,7314,78.9
2012/3/5,78.7,79.6,78.5,78.9,22790,79.5
2012/3/6,79.6,79.6,78.3,79.5,27750,79.1
2012/3/7,79,79.3,78.7,79.1,30312,79.7
2012/3/8,79.8,80.2,79.2,79.7,36183,80
2012/3/9,79.5,80,78.8,80,22704,80
2012/3/12,80.2,80.5,79.6,80,28921,81.3
2012/3/13,80.6,81.3,80.1,81.3,47236,83.2
2012/3/14,82.4,83.2,82,83.2,60638,83.2
2012/3/15,83.2,83.2,82.5,83.2,30094,81.1
2012/3/16,83.2,83.8,81.1,81.1,29118,83.7
2012/3/19,83.7,84.2,82.4,83.7,37377,83.2
2012/3/20,84,84.1,82.8,83.2,29284,84.9
2012/3/21,84.8,85.2,83.8,84.9,61551,85.2
2012/3/22,85,85.7,84.3,85.2,37774,85.4
2012/3/23,85,85.4,84.4,85.4,29421,83.6
2012/3/26,85.1,85.1,82.5,83.6,58902,85.8
2012/3/27,85,85.8,84.3,85.8,34285,85.5
2012/3/28,86.5,86.5,84.6,85.5,28254,84.1
2012/3/29,84.5,84.5,83.4,84.1,49444,84.9
2012/3/30,83.7,84.9,82.9,84.9,43788,85.1
2012/4/2,84.8,85.2,84,85.1,23646,85
2012/4/3,85,85,83.8,85,31253,83.1
2012/4/5,83.3,84,83.1,83.1,42672,83.8
2012/4/6,84,84,83.1,83.8,34091,83
2012/4/9,82,83.6,82,83,23225,82
2012/4/10,83.1,83.5,81.8,82,33361,82.4
2012/4/11,82,83.5,81.7,82.4,40739,82.6
2012/4/12,82.5,82.7,81.5,82.6,36721,84.9
2012/4/13,83.4,85,82.7,84.9,44696,84.9
2012/4/16,84.6,85,83.8,84.9,19471,83.8
2012/4/17,84.9,84.9,83.4,83.8,29479,85
2012/4/18,85,85,84.4,85,32337,85.8
2012/4/19,84.5,85.8,84.3,85.8,31426,84.3
2012/4/20,85,85.7,84.1,84.3,27786,84.3
2012/4/23,84.2,84.6,83.4,84.3,20330,84.6
2012/4/24,83.8,84.6,83.6,84.6,24880,84.2
2012/4/25,84.9,84.9,83.9,84.2,31103,84
2012/4/26,84.2,84.2,83.5,84,21052,86
2012/4/27,87,89.8,86,86,116925,86.8
2012/4/30,86.3,87.4,85.7,86.8,47569,88.4
2012/5/2,87,88.9,86.8,88.4,47468,88.9
2012/5/3,88.4,89,87.9,88.9,27664,87.6
2012/5/4,86.7,88,86.7,87.6,37683,85.6
2012/5/7,86.5,86.5,85,85.6,46497,84.4
2012/5/8,86,86,84.4,84.4,45631,84.6
2012/5/9,83.9,85.2,83.5,84.6,40772,85.3
2012/5/10,85,85.7,84.3,85.3,28391,85.5
2012/5/11,85.7,85.7,84.5,85.5,33604,85.4
2012/5/14,84.8,85.5,84.8,85.4,13936,85.5
2012/5/15,85.4,85.7,84.1,85.5,30695,83.4
2012/5/16,84.2,84.5,83.4,83.4,64945,85.1
2012/5/17,84.8,85.1,84.1,85.1,33632,81.8
2012/5/18,83.9,83.9,81.8,81.8,57596,82.5
2012/5/21,81,82.8,81,82.5,32388,82.2
2012/5/22,82.7,82.9,82.2,82.2,33956,79.1
2012/5/23,81,81.2,79,79.1,63250,80.6
2012/5/24,78.9,80.6,78.1,80.6,40954,80
2012/5/25,79.8,80.5,79.2,80,28257,81.6
2012/5/28,80,81.7,79.8,81.6,28881,82.3
2012/5/29,82.5,83.2,82,82.3,40656,81.7
2012/5/30,81.6,82,80.3,81.7,75275,85.1
2012/5/31,80.5,85.1,79.7,85.1,82946,79.9
2012/6/1,81.7,81.7,79.9,79.9,66906,76.5
2012/6/4,76.5,77.1,76.1,76.5,65980,78.2
2012/6/5,77.5,78.2,77.2,78.2,37602,77.8
2012/6/6,78.2,78.6,77.5,77.8,33702,79.8
2012/6/7,79.4,79.8,78.6,79.8,47684,77.9
2012/6/8,77,78.7,77,77.9,34674,80.4
2012/6/11,79.9,80.5,79.6,80.4,37066,79.4
2012/6/12,78.5,79.8,78.5,79.4,38319,80
2012/6/13,80.8,80.8,79.5,80,32265,79.2
2012/6/14,80,80.2,79.1,79.2,30447,78.1
2012/6/15,79.2,79.5,78.1,78.1,83821,80.8
2012/6/18,80,81,80,80.8,33709,80.5
2012/6/19,80.9,80.9,80,80.5,28893,81.6
2012/6/20,81.3,81.6,80.5,81.6,28957,80.6
2012/6/21,80.5,81,80.3,80.6,27053,80.1
2012/6/22,80,81,79.9,80.1,30172,79.6
2012/6/25,80.8,80.8,79.1,79.6,39508,78.7
2012/6/26,79,79.1,78.3,78.7,36893,79.3
2012/6/27,78.3,79.5,78.2,79.3,31912,79.9
2012/6/28,80,80.3,79.5,79.9,33090,81.3
2012/6/29,79.6,81.3,79.3,81.3,47898,83.3
2012/7/2,81.5,83.7,81.5,83.3,61243,84.2
2012/7/3,83.6,84.9,83.4,84.2,60726,81.2
2012/7/4,82.1,82.1,81.2,81.2,39074,81
2012/7/5,82,82,80.7,81,26943,80.9
2012/7/6,81,81,80.1,80.9,38173,80
2012/7/9,79.9,80.3,79.6,80,45048,79.1
2012/7/10,79.4,79.9,78.6,79.1,33452,78.1
2012/7/11,78.1,78.3,77.4,78.1,58624,75.7
2012/7/12,77.5,77.5,75.7,75.7,68433,75.8
2012/7/13,74.9,76,74.5,75.8,51638,75.5
2012/7/16,76.3,76.3,75.5,75.5,35473,74.8
2012/7/17,74.5,75.2,74.5,74.8,51652,74.8
2012/7/18,75,75.3,74.8,74.8,37231,77.5
2012/7/19,76.8,78,76.8,77.5,62092,76.7
2012/7/20,76.4,77,76.2,76.7,48463,74.3
2012/7/23,75.1,75.1,73.8,74.3,57515,74.8
2012/7/24,74.3,74.8,74.2,74.8,39955,74.6
2012/7/25,75,75.2,74.4,74.6,52173,76.3
2012/7/26,75.7,76.7,75.2,76.3,46839,79.3
2012/7/27,77.9,79.4,77.2,79.3,72469,79
2012/7/30,80,80.4,78.8,79,37866,81
2012/7/31,78.5,81,78.5,81,67686,80
2012/8/1,80.1,80.5,79.4,80,35956,79.8
2012/8/3,79.5,80.1,79.2,79.8,46583,80.9
2012/8/6,80.9,81.5,80.7,80.9,58441,81.4
2012/8/7,81.3,81.4,80.7,81.4,40163,80.5
2012/8/8,81.9,81.9,80.1,80.5,39917,82.3
2012/8/9,81.3,82.3,81.3,82.3,54249,82
2012/8/10,82.3,82.4,81.2,82,30044,82.7
2012/8/13,83.8,83.8,82.5,82.7,30264,83.2
2012/8/14,83,83.8,82.8,83.2,33303,83
2012/8/15,83.7,83.7,82.5,83,27276,82.9
2012/8/16,83,83.4,82.5,82.9,28022,82
2012/8/17,83,83.2,82,82,27117,82.4
2012/8/20,82.7,82.7,81.9,82.4,21007,83.6
2012/8/21,82.7,83.9,82.7,83.6,36849,82.4
2012/8/22,83.1,83.4,81.9,82.4,33610,82.7
2012/8/23,82.4,82.8,82.2,82.7,22344,82
2012/8/24,82.3,82.3,81.7,82,25479,83
2012/8/27,82.9,83.5,82.4,83,25711,82.4
2012/8/28,82.3,83.4,82,82.4,31780,82.7
2012/8/29,82.6,83,82.1,82.7,18446,82.7
2012/8/30,82.3,83.2,82.3,82.7,45662,83.3
2012/8/31,82.4,83.3,82.4,83.3,13514,83.9
2012/9/3,83.5,83.9,82.8,83.9,20760,84
2012/9/4,84,84,83.5,84,21685,82
2012/9/5,83,83.3,81.9,82,43282,81.1
2012/9/6,82.8,82.8,81,81.1,25863,83.8
2012/9/7,83,83.9,82.8,83.8,44468,83.5
2012/9/10,83.3,83.6,83.2,83.5,16929,84.4
2012/9/11,84.2,84.7,84,84.4,31585,84.5
2012/9/12,84.5,84.9,84.5,84.5,37483,85
2012/9/13,84.5,85,84.5,85,29641,86.5
2012/9/14,85.6,86.5,85.5,86.5,51895,86.5
2012/9/17,86.9,87,85.8,86.5,24858,85.7
2012/9/18,86.5,86.5,85.4,85.7,35559,86
2012/9/19,85.9,86.4,85.1,86,41960,85.3
2012/9/20,86,86,85.1,85.3,24816,85.7
2012/9/21,86,86.5,85.3,85.7,51046,86.1
2012/9/24,85.7,86.4,85.1,86.1,30334,85.9
2012/9/25,85.8,86.2,85.7,85.9,35902,86.4
2012/9/26,85.4,86.4,85,86.4,36925,87.6
2012/9/27,86.8,87.8,86.2,87.6,53960,89.8
2012/9/28,88.6,89.8,88.5,89.8,58609,88.9
2012/10/1,89.2,89.2,88.3,88.9,38142,89.6
2012/10/2,89.2,89.8,88.9,89.6,23624,89.8
2012/10/3,89.6,89.9,89.3,89.8,26395,90.6
2012/10/4,89.9,90.6,89.5,90.6,36573,91
2012/10/5,91,91.3,90.4,91,35241,89.1
2012/10/8,91,91,89,89.1,38081,87.1
2012/10/9,87.2,88.5,87.1,87.1,60161,85.5
2012/10/11,85.1,85.7,84.8,85.5,74217,86.3
2012/10/12,85.6,86.3,85.3,86.3,23716,86.4
2012/10/15,86.1,86.4,85.4,86.4,19117,87.5
2012/10/16,86.7,87.5,86.7,87.5,29228,87.4
2012/10/17,87.8,88,86.5,87.4,34763,88.1
2012/10/18,87,88.2,87,88.1,20504,86.7
2012/10/19,86.2,87.3,86.2,86.7,27658,86
2012/10/22,86.3,86.3,85.6,86,20025,85.7
2012/10/23,85.9,86.3,85.6,85.7,16174,85.4
2012/10/24,85.1,86.4,85.1,85.4,28266,84.8
2012/10/25,85.4,85.6,84.5,84.8,36402,87.3
2012/10/26,86.5,88.3,86.3,87.3,65256,88.1
2012/10/29,88.3,89.1,87.6,88.1,36098,88
2012/10/30,88.8,89,87.7,88,30328,88.7
2012/10/31,88,88.8,87.9,88.7,26002,89.2
2012/11/1,88.6,89.2,87.7,89.2,35991,89.9
2012/11/2,90,90.1,89.5,89.9,38884,90.3
2012/11/5,89.9,90.3,88.8,90.3,31455,90.4
2012/11/6,90.6,90.6,89.7,90.4,26367,91
2012/11/7,90.5,91,90,91,22038,90.5
2012/11/8,90.8,90.9,89.9,90.5,39605,90.8
2012/11/9,90.3,90.9,89.5,90.8,36725,91.3
2012/11/12,91,91.8,90.6,91.3,29911,90.3
2012/11/13,91,91,89.3,90.3,37034,90.5
2012/11/14,90,90.9,89.5,90.5,30206,90.2
2012/11/15,89.9,90.6,89,90.2,25068,90.2
2012/11/16,89.2,90.3,89.2,90.2,32484,90
2012/11/19,89.7,90.5,89.7,90,23063,90.4
2012/11/20,90,90.4,89.8,90.4,21442,90.5
2012/11/21,90.3,90.9,89.2,90.5,30056,91.3
2012/11/22,90.3,91.3,90.3,91.3,20754,95.5
2012/11/23,91.6,95.5,91.5,95.5,63933,95.3
2012/11/26,95.5,95.6,94.9,95.3,34356,96.3
2012/11/27,94.6,96.3,94.3,96.3,48806,95.9
2012/11/28,95.8,96.1,95.3,95.9,54733,96.5
2012/11/29,96,97.3,95.5,96.5,48709,98.7
2012/11/30,96,98.8,95.9,98.7,75143,97.9
2012/12/3,98.3,98.6,96.8,97.9,41707,96.6
2012/12/4,96.9,97.2,95.3,96.6,41537,96.9
2012/12/5,94.6,97.1,94.6,96.9,60495,96.6
2012/12/6,96.6,96.9,96.1,96.6,33110,98.1
2012/12/7,97.1,98.5,97.1,98.1,37044,96.5
2012/12/10,97.9,98,96.5,96.5,29047,98.3
2012/12/11,97.3,98.3,96.7,98.3,40597,98.4
2012/12/12,98.3,98.5,97.2,98.4,32502,99.2
2012/12/13,98.3,99.4,97.9,99.2,39959,98.4
2012/12/14,98.2,98.6,97.5,98.4,33646,97
2012/12/17,96.4,97.7,96.2,97,46660,96.7
2012/12/18,95,96.7,95,96.7,35296,97.3
2012/12/19,96.7,97.3,96.2,97.3,27864,96
2012/12/20,96.1,96.9,95.1,96,35491,94.8
2012/12/21,95.1,96.5,94.6,94.8,34304,95.7
2012/12/22,95.7,96.2,95,95.7,8363,95.2
2012/12/24,96,96.4,95.1,95.2,16048,96.5
2012/12/25,96,97.3,95.6,96.5,15969,96
2012/12/26,96.5,97.3,96,96,12028,95.6
2012/12/27,96.2,96.7,95.5,95.6,24180,97
2012/12/28,96.8,97,95.9,97,25657,99.6
2013/1/2,97.6,99.9,97.1,99.6,40571,101
2013/1/3,100.5,102,100,101,44195,101.5
2013/1/4,100.5,101.5,100,101.5,39351,100.5
2013/1/7,101,101,99.1,100.5,40298,99.7
2013/1/8,99.6,100,98.9,99.7,31179,100
2013/1/9,100.5,100.5,99.2,100,26201,101
2013/1/10,99.9,101,99.5,101,35831,101
2013/1/11,101.5,101.5,100.5,101,22436,102
2013/1/14,101,102,100,102,23512,100.5
2013/1/15,102,102,99.8,100.5,35624,99.2
2013/1/16,100.5,100.5,99.2,99.2,34670,99.3
2013/1/17,100.5,101,98.5,99.3,33725,101.5
2013/1/18,101.5,101.5,100.5,101.5,49782,100.5
2013/1/21,101,101,100,100.5,17275,101
2013/1/22,101,101,99.9,101,21913,101
2013/1/23,101.5,101.5,100,101,23202,99.9
2013/1/24,100,100.5,99.2,99.9,39624,99
2013/1/25,99.9,99.9,98,99,47882,99.3
2013/1/28,98.7,99.5,98.6,99.3,29170,101
2013/1/29,100,101.5,99.7,101,35351,101.5
2013/1/30,102,102,100.5,101.5,27889,101.5
2013/1/31,100.5,101.5,100,101.5,39719,101.5
2013/2/1,101.5,101.5,100.5,101.5,22100,103
2013/2/4,102,103,102,103,34012,103
2013/2/5,103,103,101.5,103,17261,105
2013/2/6,103.5,105,103,105,30661,107
2013/2/18,107,108.5,106.5,107,63726,107
2013/2/19,108.5,108.5,106.5,107,21823,109
2013/2/20,108.5,109.5,108,109,40569,107
2013/2/21,108.5,108.5,107,107,30298,105.5
2013/2/22,106,106.5,105,105.5,39375,107
2013/2/23,106.5,107.5,106,107,10125,105
2013/2/25,106.5,107,105,105,36002,103.5
2013/2/26,103.5,105,102.5,103.5,38472,104.5
2013/2/27,102,104.5,101,104.5,80961,105
2013/3/1,103,105,102.5,105,31485,102
2013/3/4,104.5,104.5,101.5,102,50068,104
2013/3/5,103.5,104,102.5,104,53940,104
2013/3/6,104,104.5,103,104,36090,103
2013/3/7,103.5,104,103,103,20582,103.5
2013/3/8,103,104.5,102,103.5,44584,102
2013/3/11,102,104,102,102,35851,102.5
2013/3/12,102,103,101.5,102.5,30029,104.5
2013/3/13,102.5,105,102,104.5,57557,104
2013/3/14,104,104.5,103,104,32334,103
2013/3/15,105,105,103,103,34600,100.5
2013/3/18,102,102,100.5,100.5,44013,100
2013/3/19,101,101.5,99.6,100,47241,98.8
2013/3/20,99.5,99.5,98.8,98.8,61634,98.7
2013/3/21,98.8,100.5,98.7,98.7,56436,98
2013/3/22,98.6,99.1,98,98,44904,99.5
2013/3/25,99.9,100.5,99.2,99.5,24294,99
2013/3/26,99.2,99.4,98.8,99,27196,100.5
2013/3/27,99,100.5,98.8,100.5,25715,100
2013/3/28,100,100.5,99.3,100,27890,100.5
2013/3/29,100,101,99.8,100.5,18974,101
2013/4/1,101,102,100.5,101,15983,100.5
2013/4/2,100.5,101,99.8,100.5,22315,100.5
2013/4/3,101.5,101.5,100,100.5,26329,98.5
2013/4/8,99,99.5,98.5,98.5,53978,97.5
2013/4/9,98,98.5,97.5,97.5,40569,98.3
2013/4/10,98.8,98.8,97.7,98.3,34884,101.5
2013/4/11,99,101.5,98.8,101.5,54236,100.5
2013/4/12,101.5,101.5,100,100.5,18985,99.4
2013/4/15,100.5,101,99.1,99.4,23273,100.5
2013/4/16,98.2,101,98.2,100.5,33421,100
2013/4/17,101.5,101.5,99.7,100,35311,99.9
2013/4/18,100,101,99.4,99.9,32276,106.5
2013/4/19,105.5,106.5,105.5,106.5,66753,108.5
2013/4/22,108.5,109.5,107.5,108.5,72374,106
2013/4/23,106.5,107.5,105.5,106,45941,106
2013/4/24,106.5,107,104.5,106,35424,107
2013/4/25,106,107,105.5,107,26236,108.5
2013/4/26,107,109,107,108.5,36518,108
2013/4/29,108.5,108.5,107.5,108,21055,109.5
2013/4/30,108.5,109.5,108.5,109.5,34400,110.5
2013/5/2,110,111,109,110.5,37375,110
2013/5/3,111.5,112.5,110,110,36552,111.5
2013/5/6,111.5,111.5,110.5,111.5,19287,112.5
2013/5/7,112,113,111,112.5,19385,114.5
2013/5/8,112.5,115,112.5,114.5,40960,115
2013/5/9,116,116,114.5,115,27242,114.5
2013/5/10,115,115,113.5,114.5,27460,114.5
2013/5/13,115,115.5,114,114.5,18208,115.5
2013/5/14,115.5,116.5,115,115.5,27756,115
2013/5/15,115,116,113.5,115,26088,113.5
2013/5/16,115,116,113,113.5,44194,113.5
2013/5/17,112,113.5,111.5,113.5,19260,114
2013/5/20,112.5,114,112.5,114,14478,112.5
2013/5/21,113,113.5,112,112.5,17198,112
2013/5/22,112.5,113.5,111,112,31251,108
2013/5/23,110.5,111.5,108,108,46564,109.5
2013/5/24,109.5,110.5,108.5,109.5,26698,112
2013/5/27,109.5,112,109.5,112,19117,109.5
2013/5/28,112,112.5,109.5,109.5,21399,111
2013/5/29,110.5,112,110.5,111,16749,110
2013/5/30,111,111.5,109.5,110,36089,109.5
2013/5/31,111.5,111.5,109,109.5,37175,107.5
2013/6/3,108,108.5,106.5,107.5,35814,109
2013/6/4,109,110,107.5,109,27451,109.5
2013/6/5,109.5,110.5,108.5,109.5,23354,107.5
2013/6/6,108.5,109.5,107,107.5,31660,108.5
2013/6/7,108,109.5,108,108.5,33062,108.5
2013/6/10,110,110,108,108.5,21132,108
2013/6/11,110,110,108,108,34798,104.5
2013/6/13,106,107,104,104.5,60310,106
2013/6/14,105,106,104.5,106,41186,106
2013/6/17,105.5,106,105,106,22996,106.5
2013/6/18,105,106.5,104.5,106.5,30010,105.5
2013/6/19,106,106.5,105,105.5,22067,104
2013/6/20,105,105.5,103.5,104,29983,103.5
2013/6/21,102,103.5,101.5,103.5,38827,101
2013/6/24,102.5,102.5,100,101,53700,101
2013/6/25,101,103,101,101,32368,101.5
2013/6/26,103,104,101.5,101.5,54841,104.5
2013/6/27,103,105,103,104.5,45568,111
2013/6/28,106,111,105,111,74245,108
2013/7/1,109,109.5,108,108,51583,110
2013/7/2,109,110,108.5,110,44672,107
2013/7/3,107,107,105.5,107,44720,107
2013/7/4,106.5,107,106,107,24296,109
2013/7/5,107.5,109.5,107,109,28249,105
2013/7/8,107,108,104.5,105,32752,106
2013/7/9,104.5,106.5,103.5,106,34297,106
2013/7/10,104.5,107,104.5,106,22063,109.5
2013/7/11,107.5,109.5,107.5,109.5,56068,110
2013/7/12,109.5,110,108.5,110,31046,109.5
2013/7/15,108.5,109.5,108,109.5,33115,108
2013/7/16,108.5,109,107,108,35937,109
2013/7/17,108,109,107,109,36439,105.5
2013/7/18,107.5,108,105.5,105.5,44352,98.2
2013/7/19,99.4,99.7,98.2,98.2,117656,97
2013/7/22,98,98.4,96.9,97,86984,100
2013/7/23,98.5,101.5,98.5,100,85567,102
2013/7/24,100.5,103,100,102,58325,102.5
2013/7/25,102,103.5,101,102.5,36428,102.5
2013/7/26,103,103,101,102.5,31794,100
2013/7/29,100,101.5,100,100,38310,102
2013/7/30,100.5,102.5,100.5,102,33848,102.5
2013/7/31,101.5,103,101,102.5,36954,100.5
2013/8/1,102,102,100,100.5,27884,100.5
2013/8/2,102.5,103,100,100.5,28017,100.5
2013/8/5,100,101.5,99.9,100.5,23354,98.8
2013/8/6,100.5,100.5,98.6,98.8,42771,97
2013/8/7,98.5,98.5,97,97,45940,96.4
2013/8/8,96,97.1,95.3,96.4,55834,96.4
2013/8/9,100,100,96.4,96.4,47160,96
2013/8/12,96.4,96.7,95.6,96,33420,97.2
2013/8/13,96,97.4,96,97.2,34372,96.8
2013/8/14,96,97.3,95.8,96.8,41634,96
2013/8/15,96.4,96.4,95.3,96,42670,96.5
2013/8/16,95.4,97.5,95.2,96.5,37679,95.5
2013/8/19,95.5,96.1,95.3,95.5,49102,94.4
2013/8/20,95.2,95.4,94.4,94.4,41775,94.5
2013/8/22,93,94.9,92.9,94.5,60293,97
2013/8/23,95.7,97.3,95.5,97,44431,96.8
2013/8/26,97.6,97.6,96.1,96.8,18684,95.6
2013/8/27,96,96.8,95.6,95.6,22503,96.8
2013/8/28,95.6,97.3,95.1,96.8,34605,98.7
2013/8/29,96.9,98.9,96.9,98.7,36878,100.5
2013/8/30,99.6,100.5,98.8,100.5,37585,102
2013/9/2,100,102,99.6,102,30817,102
2013/9/3,103,103,101.5,102,31199,100.5
2013/9/4,100.5,101.5,100,100.5,25210,101.5
2013/9/5,100.5,101.5,100,101.5,30107,102
2013/9/6,102,102,101,102,24723,103
2013/9/9,102.5,103,101,103,32640,104.5
2013/9/10,103,104.5,102.5,104.5,37341,104.5
2013/9/11,103,104.5,102.5,104.5,40314,103.5
2013/9/12,103,104.5,103,103.5,32843,102.5
2013/9/13,102.5,103,102,102.5,22338,102.5
2013/9/14,102.5,103.5,102,102.5,5201,105.5
2013/9/16,104,105.5,104,105.5,40621,105.5
2013/9/17,105.5,105.5,104.5,105.5,25420,103
2013/9/18,105,105.5,103,103,28176,105.5
2013/9/23,103,106,102.5,105.5,51411,105
2013/9/24,105,105.5,104,105,28652,103
2013/9/25,104.5,104.5,103,103,31716,101.5
2013/9/26,103.5,103.5,101.5,101.5,23040,103
2013/9/27,103.5,103.5,102,103,26198,100.5
2013/9/30,100.5,102,100,100.5,45316,101.5
2013/10/1,100.5,102.5,100.5,101.5,22569,103
2013/10/2,103.5,103.5,102,103,14216,105
2013/10/3,103.5,106,103,105,50640,104
2013/10/4,104.5,105,103.5,104,19898,103
2013/10/7,103.5,104,102,103,20865,105
2013/10/8,103.5,105.5,103,105,21101,105
2013/10/9,104,105.5,103,105,22212,106.5
2013/10/11,105,107.5,105,106.5,56507,105
2013/10/14,106.5,106.5,105,105,18600,107
2013/10/15,106.5,107,106,107,21478,106
2013/10/16,108,108,106,106,18505,107
2013/10/17,107.5,108,107,107,28147,110
2013/10/18,108.5,110,108.5,110,58660,110
2013/10/21,111,111.5,109.5,110,40473,111.5
2013/10/22,110,111.5,109.5,111.5,38333,111
2013/10/23,111,111.5,110,111,21877,110
2013/10/24,109,110,108.5,110,21254,107
2013/10/25,108.5,109,106.5,107,36083,109.5
2013/10/28,108,109.5,107.5,109.5,21203,109.5
2013/10/29,108.5,109.5,108,109.5,21509,110
2013/10/30,109,110,109,110,16595,109.5
2013/10/31,108.5,109.5,108,109.5,22481,109.5
2013/11/1,110.5,110.5,108.5,109.5,10848,109
2013/11/4,108,109,108,109,9625,106.5
2013/11/5,108.5,109,106.5,106.5,20341,107
2013/11/6,106.5,107.5,106.5,107,16458,107
2013/11/7,107,107.5,106,107,15929,106
2013/11/8,105,106.5,105,106,30572,104.5
2013/11/11,105,106,104.5,104.5,21470,105
2013/11/12,106,106,104.5,105,31639,103
2013/11/13,105,105,103,103,26687,103.5
2013/11/14,104,104.5,103.5,103.5,29911,104
2013/11/15,103.5,104.5,103.5,104,19220,104
2013/11/18,104.5,105,104,104,25278,105
2013/11/19,104.5,105.5,104,105,34490,103
2013/11/20,104,104,102.5,103,45499,101
2013/11/21,102,103,100.5,101,56528,100
2013/11/22,100,101.5,100,100,56936,101
2013/11/25,101,102.5,101,101,30926,103.5
2013/11/26,102,105,101.5,103.5,44990,105
2013/11/27,105,105.5,104.5,105,21836,105
2013/11/28,105,105.5,104.5,105,22761,105
2013/11/29,104.5,105,104,105,34451,104.5
2013/12/2,105,105.5,104,104.5,18873,104
2013/12/3,104,105,103.5,104,21838,105
2013/12/4,103.5,105.5,103.5,105,23431,104
2013/12/5,105,105,103.5,104,25192,103
2013/12/6,103,104.5,103,103,25122,105
2013/12/9,104,105,104,105,23949,104
2013/12/10,104.5,105,104,104,22311,105
2013/12/11,103.5,105,103.5,105,24588,103
2013/12/12,104.5,104.5,103,103,18303,102.5
2013/12/13,102.5,103.5,102.5,102.5,28284,102
2013/12/16,102.5,103,102,102,18750,103.5
2013/12/17,103,104.5,103,103.5,26215,101
2013/12/18,102.5,103,101,101,55435,102.5
2013/12/19,102,103,101.5,102.5,27801,102
2013/12/20,101.5,103.5,101.5,102,37599,104
2013/12/23,103,104.5,103,104,28268,103
2013/12/24,104,104,103,103,14063,103
2013/12/25,102.5,103.5,102.5,103,9772,104
2013/12/26,103,104,103,104,6776,104.5
2013/12/27,103.5,104.5,103,104.5,24108,106
2013/12/30,104,106,104,106,44235,105.5
2013/12/31,105.5,106,105,105.5,24463,104.5
2014/1/2,105,105.5,103.5,104.5,15117,102.5
2014/1/3,103,103,102,102.5,38670,102.5
2014/1/6,102,103,102,102.5,23714,102
2014/1/7,102.5,103,102,102,15849,104
2014/1/8,103,104.5,102.5,104,30303,101
2014/1/9,102.5,103,100.5,101,64044,102
2014/1/10,102,102.5,101.5,102,33288,103
2014/1/13,103,103.5,102.5,103,19625,103.5
2014/1/14,102.5,103.5,102,103.5,21700,105
2014/1/15,104,106,104,105,54421,107
2014/1/16,106,107.5,106,107,49548,107.5
2014/1/17,108,108.5,107,107.5,53466,107.5
2014/1/20,107,108.5,107,107.5,24264,106.5
2014/1/21,108.5,108.5,106,106.5,24588,107.5
2014/1/22,106,107.5,106,107.5,28702,107.5
2014/1/23,108.5,108.5,107.5,107.5,27928,108
2014/1/24,107,108.5,107,108,34030,105
2014/1/27,106,106.5,104,105,65054,100.5
2014/2/5,102,102,100.5,100.5,145538,102
2014/2/6,101,103,101,102,71983,104
2014/2/7,103.5,104.5,103,104,54162,103
2014/2/10,104,104.5,103,103,26230,104.5
2014/2/11,104.5,105,104,104.5,21064,105
2014/2/12,105,105.5,104.5,105,22732,105
2014/2/13,105,106,105,105,19611,107.5
2014/2/14,106.5,107.5,106.5,107.5,42681,108.5
2014/2/17,108,108.5,107.5,108.5,33419,108
2014/2/18,108.5,108.5,107.5,108,22260,108
2014/2/19,108,108,107,108,26884,106.5
2014/2/20,106.5,107,106,106.5,28452,107.5
2014/2/21,107,107.5,107,107.5,31479,107
2014/2/24,107.5,108,106,107,32043,108
2014/2/25,107.5,108,106.5,108,31509,107.5
2014/2/26,107.5,108,107,107.5,34963,108
2014/2/27,107.5,108,107.5,108,48664,108
2014/3/3,108,108,106.5,108,51440,107.5
2014/3/4,108,108,107.5,107.5,47933,110
2014/3/5,108.5,110,108.5,110,54868,113
2014/3/6,110,113.5,110,113,69779,114.5
2014/3/7,114,115,113.5,114.5,65662,113
2014/3/10,114.5,114.5,112.5,113,37917,114
2014/3/11,113.5,114.5,113.5,114,28430,113
2014/3/12,112.5,113,112,113,18393,116.5
2014/3/13,116.5,117.5,115.5,116.5,57038,115
2014/3/14,115,115.5,114,115,44707,114
2014/3/17,114.5,115,113,114,33888,114.5
2014/3/18,114.5,115,113.5,114.5,37481,114.5
2014/3/19,114.5,115,113.5,114.5,32252,112
2014/3/20,113,113.5,112,112,45315,112.5
2014/3/21,114,114,112,112.5,60104,112.5
2014/3/24,111.5,112.5,111.5,112.5,28475,113.5
2014/3/25,111.5,113.5,111.5,113.5,38051,115.5
2014/3/26,115.5,116,114.5,115.5,43335,116
2014/3/27,114.5,116,114,116,30766,117.5
2014/3/28,116,117.5,115.5,117.5,43742,118.5
2014/3/31,118,118.5,116.5,118.5,46952,119.5
2014/4/1,119,119.5,118.5,119.5,40048,120
2014/4/2,120.5,121,119,120,43178,118.5
2014/4/3,118.5,119,117.5,118.5,36972,117.5
2014/4/7,117.5,118,116.5,117.5,45030,119
2014/4/8,117,119.5,117,119,39907,119
2014/4/9,119.5,120,119,119,28601,119.5
2014/4/10,119,119.5,118.5,119.5,25650,120
2014/4/11,118.5,120,118,120,34481,120.5
2014/4/14,120,121,120,120.5,30324,122.5
2014/4/15,121.5,122.5,121,122.5,28577,121
2014/4/16,121.5,122.5,121,121,50026,120
2014/4/17,120.5,121.5,119,120,35840,123
2014/4/18,122.5,123,121,123,32863,121.5
2014/4/21,122,122,121,121.5,21742,121.5
2014/4/22,121,122.5,120.5,121.5,22712,121
2014/4/23,123,123,120.5,121,31071,121
2014/4/24,121,121,120,121,24442,118.5
2014/4/25,121,121,118,118.5,49416,119
2014/4/28,118.5,120,117.5,119,28039,120.5
2014/4/29,120.5,121,119,120.5,21779,118.5
2014/4/30,120,120.5,117,118.5,43695,118
2014/5/2,119,119.5,117,118,42651,117
2014/5/5,117.5,118,116,117,28725,118
2014/5/6,117,119,116.5,118,27501,118.5
2014/5/7,118,119,117.5,118.5,33257,119.5
2014/5/8,119.5,120,119,119.5,27063,120
2014/5/9,120,120,119,120,23246,118.5
2014/5/12,119.5,120,117.5,118.5,35494,120.5
2014/5/13,120,121,119.5,120.5,24021,122
2014/5/14,121,122,120.5,122,32861,122
2014/5/15,121,122,120.5,122,16790,122
2014/5/16,122,123,121,122,28502,121
2014/5/19,122,122.5,121,121,18411,121
2014/5/20,122,122,121,121,25252,120.5
2014/5/21,122,122,120.5,120.5,24198,122
2014/5/22,121.5,122,121,122,26300,122
2014/5/23,121,122.5,121,122,31749,123
2014/5/26,123,123.5,122,123,19817,123.5
2014/5/27,122.5,124,122.5,123.5,18030,124
2014/5/28,124,124,122.5,124,36699,122
2014/5/29,123.5,124,121.5,122,43044,119.5
2014/5/30,122,122.5,119.5,119.5,69080,122.5
2014/6/3,120,122.5,120,122.5,37714,123.5
2014/6/4,123.5,124,123,123.5,33425,123
2014/6/5,123,123.5,121.5,123,19531,122.5
2014/6/6,123.5,123.5,122,122.5,19246,123
2014/6/9,122.5,123.5,122.5,123,19689,124.5
2014/6/10,123,124.5,122.5,124.5,25290,125
2014/6/11,124,125,123.5,125,27820,123.5
2014/6/12,124,124,123,123.5,22145,123
2014/6/13,123,123.5,122.5,123,17174,124
2014/6/16,122.5,124,122.5,124,13551,125
2014/6/17,124,125,123,125,19828,125.5
2014/6/18,125,126.5,124,125.5,37295,126
2014/6/19,124.5,126,124.5,126,17913,124.5
2014/6/20,126.5,127,124,124.5,30120,123
2014/6/23,125,125.5,123,123,25119,123
2014/6/24,123,123.5,122,123,33235,123.5
2014/6/25,123,124.5,123,123.5,30797,124.5
2014/6/26,124.5,125,123.5,124.5,30282,125.5
2014/6/27,125,126.5,124,125.5,44414,126.5
2014/6/30,126,127,125,126.5,33303,128
2014/7/1,126.5,128.5,126,128,32984,132.5
2014/7/2,129.5,132.5,129,132.5,51525,134.5
2014/7/3,131.5,135,130.5,134.5,40199,135
2014/7/4,133.5,136,132,135,44092,136
2014/7/7,134.5,136,132.5,136,32144,134.5
2014/7/8,135.5,136,134,134.5,36134,134
2014/7/9,133.5,135,133.5,134,39190,134.5
2014/7/10,134.5,136,134.5,134.5,47115,136.5
2014/7/11,136,138,135.5,136.5,43443,132.5
2014/7/14,134.5,134.5,132.5,132.5,46344,133
2014/7/15,133,134,132.5,133,36994,130.5
2014/7/16,133,133.5,130,130.5,39153,124.5
2014/7/17,125,125.5,123,124.5,136365,123.5
2014/7/18,121.5,124,121.5,123.5,95753,124.5
2014/7/21,123.5,125,122.5,124.5,53275,124.5
2014/7/22,123.5,125,122.5,124.5,53275,125
2014/7/24,124.5,125,124,125,65655,123
2014/7/25,124.5,125,122.5,123,31322,121.5
2014/7/28,122,122.5,121,121.5,43492,124
2014/7/29,122.5,124,122,124,38065,124.5
2014/7/30,123.5,125,123,124.5,32409,121
2014/7/31,124,124,121,121,44783,120
2014/8/1,120,121,119.5,120,52467,123.5
2014/8/4,120,123.5,120,123.5,39710,119.5
2014/8/5,122.5,122.5,119.5,119.5,61263,120.5
2014/8/6,119,121.5,119,120.5,34622,121.5
2014/8/7,120.5,121.5,119.5,121.5,29562,120.5
2014/8/8,120.5,121,119.5,120.5,35147,120.5
2014/8/11,120,121,119.5,120.5,42980,121.5
2014/8/12,121,122,120.5,121.5,32260,122.5
2014/8/13,121,123.5,120.5,122.5,39816,124
2014/8/14,123.5,124,123,124,32932,124
2014/8/15,124.5,125,123,124,19167,123
2014/8/18,124,124,122.5,123,14613,124
2014/8/19,124,125,123.5,124,31612,125.5
2014/8/20,125,125.5,124.5,125.5,28945,124.5
2014/8/21,126,126,124,124.5,22642,125.5
2014/8/22,124.5,126,123.5,125.5,42744,125
2014/8/25,125.5,126,125,125,20342,124.5
2014/8/26,125,125.5,124,124.5,28816,125.5
2014/8/27,125.5,126,124.5,125.5,36811,125
2014/8/28,126,126,124.5,125,21621,124
2014/8/29,124.5,125,124,124,28343,128.5
2014/9/1,125,128.5,125,128.5,36373,126
2014/9/2,128,128,125.5,126,19216,128
2014/9/3,127,128,125.5,128,24609,127.5
2014/9/4,128,128,126,127.5,21665,127
2014/9/5,128.5,128.5,125.5,127,20110,127
2014/9/9,127.5,127.5,126.5,127,22116,125
2014/9/10,126,126,124,125,29454,125
2014/9/11,126,126,125,125,22852,123
2014/9/12,124.5,125,123,123,19950,123.5
2014/9/15,122.5,123.5,122,123.5,19630,122.5
2014/9/16,123,123,122,122.5,19235,124.5
2014/9/17,123.5,125,123,124.5,23555,125
2014/9/18,124.5,125,123.5,125,14777,125
2014/9/19,125.5,126,125,125,30619,122
2014/9/22,124,124,122,122,39390,122.5
2014/9/23,123,123.5,122,122.5,15303,123
2014/9/24,122,124,122,123,27620,122
2014/9/25,123,124,121.5,122,23248,121
2014/9/26,121,121.5,120.5,121,23593,120.5
2014/9/29,122,122,120,120.5,54796,120
2014/9/30,120,121,119,120,44130,121.5
2014/10/1,120,122,120,121.5,42233,121
2014/10/2,121,122.5,120.5,121,30782,124.5
2014/10/3,122.5,125,122,124.5,52021,126
2014/10/6,125,126,124,126,37304,125
2014/10/7,125,125.5,123.5,125,40049,122.5
2014/10/8,123.5,125,122.5,122.5,29364,125
2014/10/9,124,125,123.5,125,35454,120.5
2014/10/13,119,121.5,118,120.5,69330,121
2014/10/14,120,121.5,119.5,121,31868,121.5
2014/10/15,121.5,123,121,121.5,43930,121.5
2014/10/16,121.5,124,120,121.5,45951,123.5
2014/10/17,125,125.5,123.5,123.5,91798,126
2014/10/20,125,126,124.5,126,38330,125
2014/10/21,126,126,124.5,125,25615,129
2014/10/22,127.5,129,127.5,129,64199,127.5
2014/10/23,128,128.5,127.5,127.5,26489,125.5
2014/10/24,127,127.5,125,125.5,42145,128
2014/10/27,126.5,128,126.5,128,25126,128
2014/10/28,129,129.5,127.5,128,35002,129
2014/10/29,129,129.5,128,129,34705,128.5
2014/10/30,128.5,129,127,128.5,35707,130.5
2014/10/31,128,130.5,127.5,130.5,42173,131
2014/11/3,132,132.5,130.5,131,45011,132
2014/11/4,132,132,131,132,32189,132
2014/11/5,131.5,132,131,132,22605,132
2014/11/6,132.5,132.5,131.5,132,28411,131
2014/11/7,131.5,131.5,130.5,131,16737,134.5
2014/11/10,132.5,134.5,132,134.5,42661,134
2014/11/11,135,135,133,134,20455,132
2014/11/12,134.5,134.5,131.5,132,27409,134
2014/11/13,133.5,134.5,132.5,134,24901,135
2014/11/14,134,135,133.5,135,23696,133
2014/11/17,135,135.5,132.5,133,23677,131.5
2014/11/18,134,134.5,131,131.5,42713,136
2014/11/19,133,136.5,132.5,136,71121,139
2014/11/20,137.5,139,137,139,44123,138.5
2014/11/21,139.5,139.5,137.5,138.5,30434,138.5
2014/11/24,140,140.5,138,138.5,33357,139
2014/11/25,138.5,140,138.5,139,42734,139
2014/11/26,138.5,139,138,139,23166,140
2014/11/27,140,142,140,140,26241,141.5
2014/11/28,139,141.5,139,141.5,35735,140
2014/12/1,139,142,138.5,140,41267,137.5
2014/12/2,139.5,139.5,137.5,137.5,45956,138
2014/12/3,137.5,139,136.5,138,38950,139
2014/12/4,139,140,138.5,139,28248,137.5
2014/12/5,138.5,139.5,137,137.5,27063,138
2014/12/8,138,138.5,137,138,19659,138
2014/12/9,138,139,137.5,138,31798,136
2014/12/10,138,139,136,136,39823,134.5
2014/12/11,135,136,134.5,134.5,32311,135
2014/12/12,135,136,134.5,135,31480,136
2014/12/15,134.5,136.5,134.5,136,44388,133
2014/12/16,134.5,135.5,133,133,41253,130.5
2014/12/17,133,133,130,130.5,70577,131.5
2014/12/18,132,133,131,131.5,50448,138
2014/12/19,134.5,138,134,138,44391,138.5
2014/12/22,137.5,140,137,138.5,34648,137.5
2014/12/23,139,140,137,137.5,19137,138
2014/12/24,136,138,136,138,16702,137.5
2014/12/25,137,138,137,137.5,7378,139
2014/12/26,138,139,137,139,13162,138.5
2014/12/27,139,139,137.5,138.5,4812,141
2014/12/29,138,141,138,141,35032,140
2014/12/30,141,141.5,139,140,21821,141
2014/12/31,139,141,139,141,18328,134
2015/1/9,135,135.5,133,134,61775,132
2015/1/12,132.5,133.5,132,132,30373,132.5
2015/1/13,131,133,130.5,132.5,37832,130
2015/1/14,132.5,133,130,130,48774,131.5
2015/1/15,131.5,133,131.5,131.5,40624,137
2015/1/16,140,140,136,137,124199,139
2015/1/19,138.5,139.5,137.5,139,50036,138
2015/1/20,139,139,137.5,138,32819,141
2015/1/21,139.5,141,139.5,141,70524,142
2015/2/9,143,143.5,141.5,142,26333,142.5
2015/2/10,142,143,141.5,142.5,33310,148
2015/2/11,146,149,146,148,71371,148.5
2015/2/12,149.5,149.5,147.5,148.5,33627,148.5
2015/2/13,148.5,150,148,148.5,37991,151
2015/2/24,149,152,148.5,151,72531,154.5
2015/2/25,152.5,154.5,152.5,154.5,48239,150.5
2015/2/26,153.5,154,150.5,150.5,55614,149
2015/3/2,151.5,153,148.5,149,41401,150.5
2015/3/3,150,151,148.5,150.5,29173,150.5
2015/3/4,150,151.5,149,150.5,32639,150
2015/3/5,150,151,148.5,150,28920,149
2015/3/6,149,149.5,148.5,149,31346,144
2015/3/10,145,145,144,144,46830,146
2015/3/11,143.5,148,143,146,51806,148
2015/3/12,147,148.5,146.5,148,32237,149
2015/3/13,148,149.5,147,149,45478,146
2015/3/16,149,149.5,146,146,36943,149
2015/3/17,148.5,150,148.5,149,55744,153.5
2015/3/18,151,154,150,153.5,70859,154
2015/3/19,152.5,155,152.5,154,43109,154
2015/3/20,151.5,154,151.5,154,37752,153.5
2015/3/23,154,154,152.5,153.5,26336,151.5
2015/3/24,153.5,153.5,151.5,151.5,36115,151
2015/3/25,152,152.5,150.5,151,44486,145.5
2015/3/26,145.5,147,144.5,145.5,157106,142.5
2015/3/27,144,145.5,142.5,142.5,106768,142.5
2015/3/30,142.5,144,142,142.5,59850,145.5
2015/3/31,144,145.5,143,145.5,56673,144
2015/4/1,145,145,143.5,144,38732,147
2015/4/2,145,148,144.5,147,49276,146
2015/4/7,146.5,147.5,145,146,33374,143
2015/4/8,145.5,146,143,143,47519,143
2015/4/9,144,145.5,143,143,46533,147
2015/4/10,146,147,145,147,33886,147
2015/4/13,146.5,147.5,146,147,23854,144
2015/4/14,145,145.5,143.5,144,41554,143
2015/4/15,143.5,144.5,141.5,143,71591,147
2015/4/16,145,147,144.5,147,54522,142.5
2015/4/17,143,144,142.5,142.5,76862,143
2015/4/20,142,144,141.5,143,34354,142.5
2015/4/21,142,143.5,141.5,142.5,36274,143.5
2015/4/22,143.5,145,143,143.5,40618,147
2015/4/23,145.5,147,145,147,46987,152.5
2015/4/24,149,152.5,148.5,152.5,122729,151.5
2015/4/27,153,153,150,151.5,57581,151.5
2015/4/28,153.5,153.5,150.5,151.5,43239,148.5
2015/4/29,150,151,148,148.5,37402,147
2015/4/30,147,148.5,146.5,147,48957,147.5
2015/5/4,148.5,148.5,146,147.5,30838,147
2015/5/5,147.5,148,146,147,27578,147.5
2015/5/6,145.5,148,145.5,147.5,18808,146.5
2015/5/7,146,147.5,146,146.5,21887,146.5
2015/5/8,146,147.5,146,146.5,20013,148.5
2015/5/11,149,149,147,148.5,20372,147.5
2015/5/12,147,148.5,147,147.5,20513,148
2015/5/13,147.5,149,147,148,18862,146
2015/5/14,148,148.5,146,146,39010,146.5
2015/5/15,147,147,145,146.5,24311,146.5
2015/5/18,147,147,145,146.5,22912,146.5
2015/5/19,145.5,147.5,145,146.5,26302,146.5
2015/5/20,146.5,147,146,146.5,26965,145.5
2015/5/21,146,146.5,144.5,145.5,40889,145.5
2015/5/22,146,147,145,145.5,22088,147.5
2015/5/25,146.5,147.5,145.5,147.5,16306,146.5
2015/5/26,148.5,148.5,146.5,146.5,15552,145
2015/5/27,145.5,147,145,145,23852,147
2015/5/28,147,147.5,146,147,35906,146
2015/5/29,147,147.5,145.5,146,56619,145
2015/6/1,145.5,146,144,145,31632,144
2015/6/2,144.5,144.5,143.5,144,33411,143
2015/6/3,143.5,144.5,143,143,29897,141
2015/6/4,142,142.5,140,141,58360,140
2015/6/5,139.5,140.5,139,140,42819,138.5
2015/6/8,139.5,140,138.5,138.5,45502,139
2015/6/9,138.5,140,138,139,31637,139.5
2015/6/10,141,141.5,139.5,139.5,37115,143.5
2015/6/11,141,144,141,143.5,44680,144.5
2015/6/12,144,144.5,142.5,144.5,31472,143
2015/6/15,144.5,144.5,142.5,143,23647,142
2015/6/16,143,143,141,142,27289,142.5
2015/6/17,143,143.5,142,142.5,31332,142
2015/6/18,142,143,142,142,28613,142
2015/6/22,142,143.5,142,142,28332,144.5
2015/6/23,143,145,142.5,144.5,37262,145
2015/6/24,144.5,145,143.5,145,18608,146.5
2015/6/25,145,147,145,146.5,43689,146
2015/6/26,147,147.5,145.5,146,33899,138.5
2015/6/29,140.5,141,138.5,138.5,53068,140.5
2015/6/30,139,140.5,138.5,140.5,45348,141
2015/7/1,140,142.5,139,141,32560,141.5
2015/7/2,140.5,142,140.5,141.5,23927,142.5
2015/7/3,141.5,142.5,140,142.5,16130,140.5
2015/7/6,141,141.5,140.5,140.5,20671,140.5
2015/7/7,141,142,140.5,140.5,26370,138
2015/7/8,140.5,141,138,138,52040,136.5
2015/7/9,134,138,134,136.5,53245,138.5
2015/7/13,137,139.5,137,138.5,34541,138.5
2015/7/14,139.5,140.5,138,138.5,27555,138.5
2015/7/15,139,139.5,138,138.5,23305,136.5
2015/7/16,140,140,135.5,136.5,37211,140
2015/7/17,138,140,138,140,55827,139
2015/7/20,141.5,142,138.5,139,27670,140.5
2015/7/21,141,141.5,139.5,140.5,19473,139
2015/7/22,139,139.5,138,139,24660,136
2015/7/23,137,137.5,136,136,36401,137
2015/7/24,138,138,136,137,38244,134
2015/7/27,135,135.5,134,134,43409,134
2015/7/28,135,136.5,134,134,34225,135.5
2015/7/29,135,136,134.5,135.5,29891,138.5
2015/7/30,136,139,136,138.5,36136,139.5
2015/7/31,140.5,140.5,137.5,139.5,40052,134.5
2015/8/3,138.5,138.5,134.5,134.5,33725,136.5
2015/8/4,135,136.5,134.5,136.5,26576,134
2015/8/5,135.5,135.5,134,134,28539,134
2015/8/6,136,136,132,134,38740,133
2015/8/7,133,133.5,131.5,133,30574,129
2015/8/10,131,131,125.5,129,63708,130.5
2015/8/11,133.5,133.5,130.5,130.5,64445,128.5
2015/8/12,129.5,130,127.5,128.5,41732,128
2015/8/13,129,130,127.5,128,35957,126
2015/8/14,128,128.5,125,126,39470,124
2015/8/17,125.5,125.5,123,124,37911,126
2015/8/18,125,126.5,125,126,40770,125
2015/8/19,127.5,127.5,124,125,41362,126
2015/8/20,124.5,126,123.5,126,38061,121
2015/8/21,123,124.5,121,121,59893,115
2015/8/24,120,121,112.5,115,116426,123.5
2015/8/25,118,124,117.5,123.5,95032,122.5
2015/8/26,121,124.5,119.5,122.5,64977,124
2015/8/27,125,125,122,124,53407,125
2015/8/28,127,127,124.5,125,41525,129
2015/8/31,126,129,123.5,129,57061,124
2015/9/1,127.5,127.5,124,124,42379,125.5
2015/9/2,123,127,123,125.5,37042,127
2015/9/3,127.5,127.5,125,127,24043,125
2015/9/4,126.5,127,123.5,125,22031,122.5
2015/9/7,124.5,126,122,122.5,25972,123
2015/9/8,122.5,123.5,122,123,15102,129
2015/9/9,126.5,129,126.5,129,53715,125
2015/9/10,127,128,125,125,32921,127.5
2015/9/11,125.5,127.5,124,127.5,20559,127.5
2015/9/14,128,129,126,127.5,25568,126
2015/9/15,127.5,128,125.5,126,21661,129.5
2015/9/16,128,130,127.5,129.5,39934,131
2015/9/17,130.5,131.5,130,131,49510,131.5
2015/9/18,129.5,131.5,129,131.5,31950,129.5
2015/9/21,130,130,128.5,129.5,29958,129
2015/9/22,130,130,128.5,129,17640,124.5
2015/9/23,127,127.5,124.5,124.5,32953,127
2015/9/24,127,128,125.5,127,43496,127
2015/9/25,127,127.5,125,127,24670,130
2015/9/30,128,131,127,130,67169,133.5
2015/10/1,131,134,129.5,133.5,49659,132
2015/10/2,132.5,132.5,131.5,132,25240,132.5
2015/10/5,133,133.5,131.5,132.5,30282,133
2015/10/6,135,135.5,132.5,133,48628,135
2015/10/7,133.5,135,133,135,31830,136
2015/10/8,137,137,135,136,31163,138.5
2015/10/12,137,139,136.5,138.5,47369,137.5
2015/10/13,138.5,138.5,136,137.5,36154,136.5
2015/10/14,136.5,137.5,136,136.5,18030,140
2015/10/15,139,141,139,140,57216,137.5
2015/10/16,137,137.5,136,137.5,36247,138
2015/10/19,138.5,139,137,138,26159,139
2015/10/20,139,139,137.5,139,27489,138.5
2015/10/21,139.5,140,137.5,138.5,18035,137.5
2015/10/22,138,138.5,137,137.5,15157,140
2015/10/23,140,140.5,139,140,35648,140
2015/10/26,140.5,140.5,139,140,24397,139
2015/10/27,138.5,140,137.5,139,26024,138
2015/10/28,137,139,137,138,22546,136.5
2015/10/29,139,139.5,136.5,136.5,20454,136.5
2015/10/30,137,137.5,136,136.5,27851,137.5
2015/11/2,138.5,138.5,135.5,137.5,21666,139.5
2015/11/3,138.5,140,138,139.5,33177,144.5
2015/11/4,141.5,144.5,141,144.5,75263,142.5
2015/11/5,144,144.5,142.5,142.5,35790,140
2015/11/6,144,144,139,140,45705,142
2015/11/9,141,143,140.5,142,24845,139.5
2015/11/10,141.5,141.5,139,139.5,23322,137.5
2015/11/11,140.5,140.5,136.5,137.5,29449,138.5
2015/11/12,138.5,139,138,138.5,16478,136
2015/11/13,137.5,139,136,136,21649,135
2015/11/16,134,135.5,134,135,32119,138.5
2015/11/17,138,140,137.5,138.5,28204,137
2015/11/18,139.5,140,136.5,137,29098,140.5
2015/11/19,138.5,140.5,138,140.5,27442,141
2015/11/20,140.5,141,140,141,20280,141
2015/11/23,141,141.5,140,141,17171,139.5
2015/11/24,140,141.5,139.5,139.5,21845,141
2015/11/25,139.5,141,138.5,141,27145,142.5
2015/11/26,141,142.5,140,142.5,31992,139
2015/11/27,143,143,139,139,23160,139
2015/11/30,136.5,139,136,139,108728,142.5
2015/12/1,140.5,142.5,138.5,142.5,46172,142.5
2015/12/2,144,144,142,142.5,31643,142.5
2015/12/3,141.5,143,141.5,142.5,18843,140.5
2015/12/4,141,142.5,140.5,140.5,30877,143.5
2015/12/7,142,144.5,142,143.5,40379,142.5
2015/12/8,143.5,144,141,142.5,32184,140.5
2015/12/9,142,142,140.5,140.5,26766,141
2015/12/10,140.5,141.5,139,141,41470,139.5
2015/12/11,141,142,139,139.5,29942,139
2015/12/14,137.5,139.5,137.5,139,32662,138
2015/12/15,139.5,140.5,138,138,23578,143.5
2015/12/16,142,144,141,143.5,56570,145
2015/12/17,144.5,145,143,145,34484,142
2015/12/18,143,145,142,142,36320,141.5
2015/12/21,141.5,142.5,140.5,141.5,26855,142
2015/12/22,141,142,140.5,142,17127,141.5
2015/12/23,141,143,140.5,141.5,18075,142
2015/12/24,143,143.5,142,142,13479,143
2015/12/25,142,143.5,142,143,6152,143.5
2015/12/28,143.5,144,143,143.5,10814,142
2015/12/29,143.5,144,141.5,142,12838,142.5
2015/12/30,142.5,144,142,142.5,14591,143
2015/12/31,142,144,141,143,18354,139.5
2016/1/4,142.5,143.5,139,139.5,39199,138
2016/1/5,139,140,137,138,46487,135.5
2016/1/6,138,138,135,135.5,53651,133
2016/1/7,134.5,135,130.5,133,62564,134
2016/1/8,132,135,132,134,50144,133
2016/1/11,133,134.5,130.5,133,48402,133
2016/1/12,133,134,131.5,133,34718,133.5
2016/1/13,133.5,135.5,133,133.5,37727,131.5
2016/1/14,130.5,132,130.5,131.5,39363,137
2016/1/15,137.5,138,135.5,137,79492,137
2016/1/18,135,138,134.5,137,36768,138
2016/1/19,137.5,138,136,138,23780,134.5
2016/1/20,137.5,137.5,133.5,134.5,43923,135
2016/1/21,134,136.5,134,135,31947,138.5
2016/1/22,136.5,138.5,136,138.5,33909,139.5
2016/1/25,140,140,139,139.5,27195,137.5
2016/1/26,137.5,139,137,137.5,24088,139.5
2016/1/27,139,139.5,138.5,139.5,24035,140
2016/1/28,138,140.5,138,140,37888,143
2016/1/29,138.5,143,138,143,55645,142
2016/1/30,142.5,143,141,142,11851,144
2016/2/1,144,144,141.5,144,40956,142.5
2016/2/2,144,144.5,141.5,142.5,25387,146
2016/2/3,145,146,144.5,146,71509,145
2016/2/15,142,146.5,142,145,72906,147.5
2016/2/16,146,148,145.5,147.5,55016,148
2016/2/17,149,149,147,148,38462,151
2016/2/18,150,151,149.5,151,61708,151
2016/2/19,149,151,149,151,35679,151
2016/2/22,149.5,152.5,149.5,151,27038,149.5
2016/2/23,150.5,151,149,149.5,22330,148
2016/2/24,149.5,150.5,147,148,22059,150.5
2016/2/25,149,151,148.5,150.5,25203,149
2016/2/26,151,151.5,148,149,37685,152
2016/3/1,148.5,152,148.5,152,38638,153
2016/3/2,154,154.5,153,153,36063,154
2016/3/3,154,154.5,153,154,28835,152.5
2016/3/4,153,153.5,151.5,152.5,32805,152
2016/3/7,152.5,153.5,151,152,23916,152
2016/3/8,151,152,149.5,152,35701,153
2016/3/9,152,153,150.5,153,24228,154.5
2016/3/10,153,154.5,151.5,154.5,28314,155
2016/3/11,154.5,155,153,155,29588,156
2016/3/14,156.5,157.5,155.5,156,32780,154.5
2016/3/15,155,156.5,153,154.5,28720,156
2016/3/16,155.5,156,154,156,31094,158.5
2016/3/17,159.5,160,157.5,158.5,48225,159.5
2016/3/18,158.5,159.5,158.5,159.5,56103,160
2016/3/21,160,160,158,160,26178,158.5
2016/3/22,159.5,159.5,157,158.5,25837,159.5
2016/3/23,158.5,159.5,158,159.5,27484,158.5
2016/3/24,158,159,157,158.5,24871,158
2016/3/25,158.5,159,157,158,10180,159
2016/3/28,158,159,157,159,15291,159
2016/3/29,158.5,159.5,158,159,19038,161.5
2016/3/30,158.5,162,158.5,161.5,43665,162
2016/3/31,162,163,159,162,49442,158.5
2016/4/1,161,161,157.5,158.5,31583,153.5
2016/4/6,155.5,156,153.5,153.5,58195,154.5
2016/4/7,155,155,152.5,154.5,35260,157.5
2016/4/8,154,158,154,157.5,41046,158.5
2016/4/11,156,159,155.5,158.5,21773,158.5
2016/4/12,157.5,159.5,157.5,158.5,14864,161.5
2016/4/13,160,162,159.5,161.5,39786,161.5
2016/4/14,162,162.5,160,161.5,31346,159.5
2016/4/15,157,160,156,159.5,48817,158
2016/4/18,158,158.5,157.5,158,20299,157.5
2016/4/19,160,161,157,157.5,26601,154
2016/4/20,157.5,158,154,154,41026,157
2016/4/21,156,157,154,157,29729,156.5
2016/4/22,155.5,158,155,156.5,29012,157.5
2016/4/25,156.5,157.5,156,157.5,14355,158
2016/4/26,156.5,158.5,156.5,158,18166,156.5
2016/4/27,156,157.5,155.5,156.5,28853,153
2016/4/28,157.5,158,153,153,48938,150
2016/4/29,151,151,149,150,66480,147.5
2016/5/3,148,148.5,146.5,147.5,68578,147
2016/5/4,147,149,146.5,147,52989,147.5
2016/5/5,147.5,148.5,146,147.5,38315,148
2016/5/6,148.5,148.5,147,148,36528,147.5
2016/5/9,148.5,149,146.5,147.5,38485,147
2016/5/10,147,148,146.5,147,29804,147
2016/5/11,148.5,149,146.5,147,40083,146
2016/5/12,147,148,146,146,23793,144
2016/5/13,145,145.5,143,144,60176,144.5
2016/5/16,143,145.5,143,144.5,31135,147
2016/5/17,145.5,147,145,147,30285,147
2016/5/18,146,147,145,147,31091,147
2016/5/19,148,148.5,145.5,147,35180,148.5
2016/5/20,147.5,149.5,147,148.5,36328,154
2016/5/23,150.5,154.5,149.5,154,50149,151
2016/5/24,152.5,153.5,151,151,24492,154.5
2016/5/25,153.5,155,152.5,154.5,30744,155
2016/5/26,154.5,155,153.5,155,17232,156.5
2016/5/27,156,156.5,154.5,156.5,23011,157
2016/5/30,157,158,155,157,36361,156.5
2016/5/31,156.5,157.5,155,156.5,69667,159
2016/6/1,156,159,156,159,26928,159
2016/6/2,159,160,158,159,21978,160.5
2016/6/3,159,160.5,159,160.5,31889,160
2016/6/4,160,160,159.5,160,2614,161
2016/6/6,161,162,160,161,28767,162
2016/6/7,161.5,163.5,161,162,47071,165.5
2016/6/8,164,166,163.5,165.5,45271,162
2016/6/13,161,162.5,161,162,48763,162
2016/6/14,161,163,161,162,27526,163
2016/6/15,162,163,161,163,29308,160.5
2016/6/16,161.5,162.5,159.5,160.5,24435,163
2016/6/17,162.5,164.5,162,163,30658,163
2016/6/20,164.5,165,163,163,24916,165.5
2016/6/21,164,165.5,163.5,165.5,28003,166
2016/6/22,164.5,166,163.5,166,30366,164
2016/6/23,165.5,166,164,164,22556,159
2016/6/24,164,164,154.5,159,86955,155.5
2016/6/27,154.5,156,154,155.5,42891,157
2016/6/28,155.5,157.5,155,157,38796,159
2016/6/29,158.5,160,158,159,31551,162.5
2016/6/30,161,163,159.5,162.5,42423,166
2016/7/1,164.5,166,163.5,166,36237,166
2016/7/4,165.5,166.5,164.5,166,25791,164
2016/7/5,165,165.5,164,164,16400,161.5
2016/7/6,163,163,160.5,161.5,34855,164.5
2016/7/7,163.5,165,163,164.5,23796,170
2016/7/11,170,170.5,168.5,170,50993,171
2016/7/12,171,171.5,169.5,171,41982,168.5
2016/7/13,169.5,170,167,168.5,50693,169
2016/7/14,167,170,167,169,34890,169.5
2016/7/15,168,169.5,166.5,169.5,41587,169.5
2016/7/18,168,170,168,169.5,24749,170.5
2016/7/19,170.5,170.5,169,170.5,42456,170
2016/7/20,170,170.5,169,170,38053,172
2016/7/21,171,172,170,172,33130,171
2016/7/22,172,172,170.5,171,28504,171.5
2016/7/25,172,173,169,171.5,27145,173
2016/7/26,172,173,171.5,173,32685,175
2016/7/27,175,176,174.5,175,34117,176.5
2016/7/28,175,176.5,173,176.5,31071,172.5
2016/7/29,177,177,172.5,172.5,29795,177
2016/8/1,175,177,174.5,177,34188,176
2016/8/2,177.5,177.5,175.5,176,15250,172.5
2016/8/3,172.5,174,172,172.5,21627,174.5
2016/8/4,173,174.5,172.5,174.5,13612,177
2016/8/5,175,177.5,174,177,25759,178
2016/8/8,178,178,176.5,178,16200,178.5
2016/8/9,178.5,179.5,177,178.5,16413,179.5
2016/8/10,179,179.5,178,179.5,19279,176.5
2016/8/11,177.5,178,175.5,176.5,28180,177.5
2016/8/12,178.5,178.5,177,177.5,22947,179
2016/8/15,178.5,179,177.5,179,12020,175.5
2016/8/16,178,179,175,175.5,34260,177
2016/8/17,177,177.5,176,177,21487,176
2016/8/18,176,176.5,175,176,27253,174.5
2016/8/19,177,177.5,174,174.5,23470,173
2016/8/22,173,174,171.5,173,21273,174
2016/8/23,174,175,173.5,174,20886,173.5
2016/8/24,175,175.5,173.5,173.5,12086,177
2016/8/25,175,177,174.5,177,23858,177
2016/8/26,175,177,175,177,15066,176.5
2016/8/29,175,177,174,176.5,16953,174.5
2016/8/30,176,176.5,174,174.5,19337,176
2016/8/31,176.5,177,174.5,176,38462,173.5
2016/9/1,176,176,173,173.5,22686,174.5
2016/9/2,176.5,176.5,174,174.5,16975,176.5
2016/9/5,176.5,177.5,176.5,176.5,22369,179
2016/9/6,177,179,176.5,179,25998,184
2016/9/7,180.5,185,180,184,49733,183
2016/9/8,182.5,184.5,182.5,183,30154,179.5
2016/9/9,181,181,179.5,179.5,29771,178
2016/9/10,177,179,176,178,15452,175
2016/9/12,177.5,177.5,174,175,42634,175
2016/9/13,176.5,176.5,173.5,175,36790,173.5
2016/9/14,174,176,173.5,173.5,52845,182.5
2016/9/19,179.5,183,178.5,182.5,56959,183
2016/9/20,182,183.5,181.5,183,23611,184
2016/9/21,181,184,180.5,184,24950,185.5
2016/9/22,185,185.5,183.5,185.5,20954,187.5
2016/9/23,185,187.5,184.5,187.5,23073,183
2016/9/26,183.5,185,183,183,23097,185.5
2016/9/29,185.5,187.5,185.5,185.5,54236,182.5
2016/9/30,185.5,186.5,182.5,182.5,42492,186
2016/10/3,186,186.5,184.5,186,17678,187
2016/10/4,185,187,185,187,16825,186
2016/10/5,186,186,184.5,186,19124,187.5
2016/10/6,185,187.5,185,187.5,15456,188
2016/10/7,188,188,186,188,15000,187.5
2016/10/11,191,191,186,187.5,30274,189.5
2016/10/12,186.5,190,186,189.5,22556,188.5
2016/10/13,190.5,191,187,188.5,37382,188
2016/10/14,187,189,186.5,188,33216,186.5
2016/10/17,186.5,187.5,185,186.5,37310,187
2016/10/18,186.5,187,185.5,187,38000,189.5
2016/10/19,187.5,189.5,187.5,189.5,33250,190.5
2016/10/20,189.5,190.5,189,190.5,13186,188.5
2016/10/21,191,192,188.5,188.5,21924,191
2016/10/24,191,191,189.5,191,13447,193
2016/10/25,192,193,191,193,18832,191.5
2016/10/26,190.5,192.5,190.5,191.5,21023,188.5
2016/10/27,191.5,191.5,188.5,188.5,26183,189.5
2016/10/28,189.5,190,188.5,189.5,24332,188.5
2016/10/31,189,190.5,186.5,188.5,25306,189.5
2016/11/1,188.5,189.5,187.5,189.5,14260,186
2016/11/2,187.5,188,186,186,16418,184.5
2016/11/3,185.5,186.5,184.5,184.5,25002,184.5
2016/11/4,184.5,186,184,184.5,14842,189
2016/11/7,186.5,189,186,189,21332,188.5
2016/11/8,190,190,188,188.5,15437,182
2016/11/9,190,190.5,182,182,55541,185.5
2016/11/10,187,188,185.5,185.5,38234,181.5
2016/11/11,181.5,183,181,181.5,67603,180.5
2016/11/14,181,182,180,180.5,47999,180
2016/11/15,179.5,182,179,180,33505,180
2016/11/16,180.5,183,180,180,34833,181.5
2016/11/17,182,182.5,180.5,181.5,22434,181
2016/11/18,181.5,181.5,180,181,22474,181
2016/11/21,180.5,181.5,180,181,15600,184
2016/11/22,182,185,181.5,184,27599,185.5
2016/11/23,184.5,186.5,184,185.5,22128,183
2016/11/24,184,185,183,183,14980,182
2016/11/25,182.5,183.5,182,182,10116,184
2016/11/28,181.5,184,181.5,184,19108,182
2016/11/29,183.5,185,182,182,24408,183
2016/11/30,181.5,183,181.5,183,39671,183
2016/12/1,182,183,181.5,183,13908,178
2016/12/2,179,179.5,178,178,53836,179
2016/12/5,178,180,178,179,29200,182
2016/12/6,181,183,180.5,182,27309,181.5
2016/12/7,183,183.5,181.5,181.5,14110,185.5
2016/12/8,184,185.5,183,185.5,27257,186
2016/12/9,186,186,184.5,186,24867,185
2016/12/12,186,187,184,185,18796,186
2016/12/13,186.5,186.5,184.5,186,23591,187.5
2016/12/14,186.5,187.5,185.5,187.5,16571,187
2016/12/15,185,187.5,184.5,187,22803,185
2016/12/16,185.5,187,185,185,35985,182.5
2016/12/19,184,184.5,182.5,182.5,20535,182.5
2016/12/20,181,182.5,180,182.5,24139,180
2016/12/21,181,182,180,180,29690,179
2016/12/22,180,180.5,179,179,26269,178.5
2016/12/23,179,180,178.5,178.5,22961,179.5
2016/12/26,179,180,179,179.5,5675,180
2016/12/27,180,180.5,179.5,180,8252,182
2016/12/28,181,182,180.5,182,21226,180
2016/12/29,180,181.5,180,180,30200,181.5
2016/12/30,181,182.5,180,181.5,36610,183
2017/1/3,181.5,183.5,181,183,22630,183
2017/1/4,183,184,181.5,183,24369,183.5
2017/1/5,182,183.5,181.5,183.5,20979,184
2017/1/6,184,184.5,183.5,184,22443,184
2017/1/9,184,185,183,184,18569,184
2017/1/10,184.5,185.5,183.5,184,20198,182
2017/1/11,185,185,181.5,182,29107,184.5
2017/1/12,182.5,185.5,182.5,184.5,41130,181.5
2017/1/13,180.5,182.5,180.5,181.5,52352,179.5
2017/1/16,180,180.5,179,179.5,30756,181
2017/1/17,180.5,181,179.5,181,13159,181
2017/1/18,180.5,181,179.5,181,23693,180.5
2017/1/19,179.5,181,179.5,180.5,24627,181
2017/1/20,181,181.5,180.5,181,23429,185
2017/1/23,182.5,185,182.5,185,36992,185.5
2017/1/24,185,186.5,184.5,185.5,55022,184.5
2017/2/2,188,188.5,184,184.5,94089,184.5
2017/2/3,186,186,183.5,184.5,29518,184.5
2017/2/6,184.5,185.5,184,184.5,24779,184.5
2017/2/7,183.5,185,183,184.5,23616,183.5
2017/2/8,183.5,184.5,183,183.5,29168,184
2017/2/9,184,185.5,183.5,184,18967,185.5
2017/2/10,184.5,185.5,184,185.5,34747,187.5
2017/2/13,186.5,188,186.5,187.5,25124,187.5
2017/2/14,189,190,187.5,187.5,45696,189
2017/2/15,187,189.5,186.5,189,39347,189
2017/2/16,190,190.5,188,189,27018,189.5
2017/2/17,190,190.5,189,189.5,20389,189.5
2017/2/18,190,190.5,189.5,189.5,3494,190
2017/2/20,190,190.5,189.5,190,13254,190
2017/2/21,190,190,188.5,190,31159,188.5
2017/2/22,190.5,191,188.5,188.5,25677,188.5
2017/2/23,188,189.5,187,188.5,35725,189
2017/2/24,187.5,190.5,187.5,189,22766,186
2017/3/1,188.5,188.5,186,186,46186,186
2017/3/2,188,188.5,185,186,39980,184
2017/3/3,184.5,185,184,184,28197,183.5
2017/3/6,184,184.5,183.5,183.5,12531,185.5
2017/3/7,184,185.5,184,185.5,18812,187
2017/3/8,186,188,185.5,187,31791,184.5
2017/3/9,185.5,186,184,184.5,28489,183.5
2017/3/10,184,184.5,183,183.5,20053,186.5
2017/3/13,185,186.5,185,186.5,10487,186
2017/3/14,188,188,186,186,22245,186.5
2017/3/15,185.5,187,185.5,186.5,14131,190
2017/3/16,188,190,188,190,31507,191.5
2017/3/17,189.5,191.5,189,191.5,33764,191.5
2017/3/20,191.5,191.5,189.5,191.5,16215,195
2017/3/21,192,195,191.5,195,32246,193.5
2017/3/22,192.5,193.5,191.5,193.5,27396,193.5
2017/3/23,192,193.5,192,193.5,18472,192.5
2017/3/24,192,193,192,192.5,17541,193
2017/3/27,194.5,194.5,192,193,29251,194.5
2017/3/28,195,195,192.5,194.5,38259,191.5
2017/3/29,194.5,194.5,191,191.5,33374,191.5
2017/3/30,192.5,193,190.5,191.5,28302,189
2017/3/31,191,192,189,189,33635,193
2017/4/5,189.5,193,189.5,193,43748,191.5
2017/4/6,193,193,191,191.5,16173,191
2017/4/7,192,192,188.5,191,18911,190
2017/4/10,191,191.5,189.5,190,17024,191
2017/4/11,190,191,189,191,8441,191
2017/4/12,190.5,191.5,190,191,17283,191.5
2017/4/13,189.5,192,189.5,191.5,14771,189
2017/4/14,189.5,189.5,188,189,30701,187.5
2017/4/17,189,189,187.5,187.5,17096,188
2017/4/18,188,189.5,187.5,188,25063,186.5
2017/4/19,187.5,187.5,186.5,186.5,30477,187
2017/4/20,186.5,188,186.5,187,21488,190
2017/4/21,187.5,190,187.5,190,17373,190
2017/4/24,191,191.5,188.5,190,19317,192
2017/4/25,190.5,192,189.5,192,31932,191
2017/4/26,192,192,190.5,191,29909,193
2017/4/27,192,193,190.5,193,27940,194.5
2017/4/28,193.5,194.5,193,194.5,34852,196.5
2017/5/2,198.5,199,195.5,196.5,44119,198
2017/5/3,198,198.5,197,198,25723,198
2017/5/4,198.5,199,197,198,22088,197.5
2017/5/5,197,198.5,197,197.5,17036,202.5
2017/5/8,199,202.5,199,202.5,36538,203.5
2017/5/9,205.5,207,203.5,203.5,48077,205.5
2017/5/10,204,206,204,205.5,28312,207.5
2017/5/11,204.5,208.5,204,207.5,43718,206
2017/5/12,205,207,205,206,25009,206
2017/5/15,204,206,204,206,25666,204.5
2017/5/16,205,205,203.5,204.5,33224,204
2017/5/17,203,204,203,204,21567,203.5
2017/5/18,202.5,204,201.5,203.5,22461,203
2017/5/19,203.5,204.5,202.5,203,16492,205
2017/5/22,203.5,205,203,205,13726,205
2017/5/23,205,207,204.5,205,19991,205.5
2017/5/24,205,206,205,205.5,13380,207
2017/5/25,206,207,205.5,207,22328,207
2017/5/26,205,207,205,207,32514,203
2017/5/31,206.5,207,203,203,67475,207
2017/6/1,205,207,204.5,207,27589,209
2017/6/2,208.5,209,207.5,209,22573,209
2017/6/3,209,209,208,209,1510,212
2017/6/5,209.5,212,209,212,21487,210.5
2017/6/6,210.5,211.5,210.5,210.5,14912,211.5
2017/6/7,212,212.5,210,211.5,29514,213
2017/6/8,212,213,211.5,213,18437,212
2017/6/9,214.5,215,212,212,31774,207.5
2017/6/12,207,210,207,207.5,58256,208
2017/6/13,207,208.5,206.5,208,43566,207
2017/6/14,208.5,209.5,206,207,36293,208
2017/6/15,207.5,208,207,208,17748,211.5
2017/6/16,207.5,212,207,211.5,32816,213
2017/6/19,211,213,210.5,213,15632,216.5
2017/6/20,215,218,214.5,216.5,28630,216.5
